# This file uses centimeters as units for non-parametric coordinates.

mtllib papel_higiênico.mtl
g default
v 8.829543 2.092820 -4.761465
v 8.881875 2.092820 -4.761465
v 8.934207 2.092820 -4.761465
v 8.986539 2.092820 -4.761465
v 9.038870 2.092820 -4.761465
v 9.091202 2.092820 -4.761465
v 9.143534 2.092820 -4.761465
v 9.195866 2.092820 -4.761465
v 9.248198 2.092820 -4.761465
v 9.300529 2.092820 -4.761465
v 9.352861 2.092820 -4.761465
v 8.829543 2.125408 -4.761465
v 8.881875 2.125408 -4.761465
v 8.934207 2.125408 -4.761465
v 8.986539 2.125408 -4.761465
v 9.038870 2.125408 -4.761465
v 9.091202 2.125408 -4.761465
v 9.143534 2.125408 -4.761465
v 9.195866 2.125408 -4.761465
v 9.248198 2.125408 -4.761465
v 9.300529 2.125408 -4.761465
v 9.352861 2.125408 -4.761465
v 8.829543 2.157995 -4.761465
v 8.881875 2.157995 -4.761465
v 8.934207 2.157995 -4.761465
v 8.986539 2.157995 -4.761465
v 9.038870 2.157995 -4.761465
v 9.091202 2.157995 -4.761465
v 9.143534 2.157995 -4.761465
v 9.195866 2.157995 -4.761465
v 9.248198 2.157995 -4.761465
v 9.300529 2.157995 -4.761465
v 9.352861 2.157995 -4.761465
v 8.829543 2.190583 -4.761465
v 8.881875 2.190583 -4.761465
v 8.934207 2.190583 -4.761465
v 8.986539 2.190583 -4.761465
v 9.038870 2.190583 -4.761465
v 9.091202 2.190583 -4.761465
v 9.143534 2.190583 -4.761465
v 9.195866 2.190583 -4.761465
v 9.248198 2.190583 -4.761465
v 9.300529 2.190583 -4.761465
v 9.352861 2.190583 -4.761465
v 8.829543 2.223171 -4.761465
v 8.881875 2.223171 -4.761465
v 8.934207 2.223171 -4.761465
v 8.986539 2.223171 -4.761465
v 9.038870 2.223171 -4.761465
v 9.091202 2.223171 -4.761465
v 9.143534 2.223171 -4.761465
v 9.195866 2.223171 -4.761465
v 9.248198 2.223171 -4.761465
v 9.300529 2.223171 -4.761465
v 9.352861 2.223171 -4.761465
v 8.829543 2.255759 -4.761465
v 8.881875 2.255759 -4.761465
v 8.934207 2.255759 -4.761465
v 8.986539 2.255759 -4.761465
v 9.038870 2.255759 -4.761465
v 9.091202 2.255759 -4.761465
v 9.143534 2.255759 -4.761465
v 9.195866 2.255759 -4.761465
v 9.248198 2.255759 -4.761465
v 9.300529 2.255759 -4.761465
v 9.352861 2.255759 -4.761465
v 8.829543 2.288346 -4.761465
v 8.881875 2.288346 -4.761465
v 8.934207 2.288346 -4.761465
v 8.986539 2.288346 -4.761465
v 9.038870 2.288346 -4.761465
v 9.091202 2.288346 -4.761465
v 9.143534 2.288346 -4.761465
v 9.195866 2.288346 -4.761465
v 9.248198 2.288346 -4.761465
v 9.300529 2.288346 -4.761465
v 9.352861 2.288346 -4.761465
v 8.829543 2.320934 -4.761465
v 8.881875 2.320934 -4.761465
v 8.934207 2.320934 -4.761465
v 8.986539 2.320934 -4.761465
v 9.038870 2.320934 -4.761465
v 9.091202 2.320934 -4.761465
v 9.143534 2.320934 -4.761465
v 9.195866 2.320934 -4.761465
v 9.248198 2.320934 -4.761465
v 9.300529 2.320934 -4.761465
v 9.352861 2.320934 -4.761465
v 8.829543 2.353522 -4.761465
v 8.881875 2.353522 -4.761465
v 8.934207 2.353522 -4.761465
v 8.986539 2.353522 -4.761465
v 9.038870 2.353522 -4.761465
v 9.091202 2.353522 -4.761465
v 9.143534 2.353522 -4.761465
v 9.195866 2.353522 -4.761465
v 9.248198 2.353522 -4.761465
v 9.300529 2.353522 -4.761465
v 9.352861 2.353522 -4.761465
v 8.829543 2.386110 -4.761465
v 8.881875 2.386110 -4.761465
v 8.934207 2.386110 -4.761465
v 8.986539 2.386110 -4.761465
v 9.038870 2.386110 -4.761465
v 9.091202 2.386110 -4.761465
v 9.143534 2.386110 -4.761465
v 9.195866 2.386110 -4.761465
v 9.248198 2.386110 -4.761465
v 9.300529 2.386110 -4.761465
v 9.352861 2.386110 -4.761465
v 8.829543 2.418697 -4.761465
v 8.881875 2.418697 -4.761465
v 8.934207 2.418697 -4.761465
v 8.986539 2.418697 -4.761465
v 9.038870 2.418697 -4.761465
v 9.091202 2.418697 -4.761465
v 9.143534 2.418697 -4.761465
v 9.195866 2.418697 -4.761465
v 9.248198 2.418697 -4.761465
v 9.300529 2.418697 -4.761465
v 9.352861 2.418697 -4.761465
v 8.829543 2.419498 -4.761465
v 8.881875 2.419498 -4.761465
v 8.934207 2.419498 -4.761465
v 8.986539 2.419498 -4.761465
v 9.038870 2.419498 -4.761465
v 9.091202 2.419498 -4.761465
v 9.143534 2.419498 -4.761465
v 9.195866 2.419498 -4.761465
v 9.248198 2.419498 -4.761465
v 9.300529 2.419498 -4.761465
v 9.352861 2.419498 -4.761465
v 8.829543 2.452085 -4.761465
v 8.881875 2.452085 -4.761465
v 8.934207 2.452085 -4.761465
v 8.986539 2.452085 -4.761465
v 9.038870 2.452085 -4.761465
v 9.091202 2.452085 -4.761465
v 9.143534 2.452085 -4.761465
v 9.195866 2.452085 -4.761465
v 9.248198 2.452085 -4.761465
v 9.300529 2.452085 -4.761465
v 9.352861 2.452085 -4.761465
v 8.829543 2.484673 -4.761465
v 8.881875 2.484673 -4.761465
v 8.934207 2.484673 -4.761465
v 8.986539 2.484673 -4.761465
v 9.038870 2.484673 -4.761465
v 9.091202 2.484673 -4.761465
v 9.143534 2.484673 -4.761465
v 9.195866 2.484673 -4.761465
v 9.248198 2.484673 -4.761465
v 9.300529 2.484673 -4.761465
v 9.352861 2.484673 -4.761465
v 8.829543 2.517261 -4.761465
v 8.881875 2.517261 -4.761465
v 8.934207 2.517261 -4.761465
v 8.986539 2.517261 -4.761465
v 9.038870 2.517261 -4.761465
v 9.091202 2.517261 -4.761465
v 9.143534 2.517261 -4.761465
v 9.195866 2.517261 -4.761465
v 9.248198 2.517261 -4.761465
v 9.300529 2.517261 -4.761465
v 9.352861 2.517261 -4.761465
v 8.829543 2.549848 -4.761465
v 8.881875 2.549848 -4.761465
v 8.934207 2.549848 -4.761465
v 8.986539 2.549848 -4.761465
v 9.038870 2.549848 -4.761465
v 9.091202 2.549848 -4.761465
v 9.143534 2.549848 -4.761465
v 9.195866 2.549848 -4.761465
v 9.248198 2.549848 -4.761465
v 9.300529 2.549848 -4.761465
v 9.352861 2.549848 -4.761465
v 8.829543 2.582436 -4.761465
v 8.881875 2.582436 -4.761465
v 8.934207 2.582436 -4.761465
v 8.986539 2.582436 -4.761465
v 9.038870 2.582436 -4.761465
v 9.091202 2.582436 -4.761465
v 9.143534 2.582436 -4.761465
v 9.195866 2.582436 -4.761465
v 9.248198 2.582436 -4.761465
v 9.300529 2.582436 -4.761465
v 9.352861 2.582436 -4.761465
v 8.829543 2.615024 -4.761465
v 8.881875 2.615024 -4.761465
v 8.934207 2.615024 -4.761465
v 8.986539 2.615024 -4.761465
v 9.038870 2.615024 -4.761465
v 9.091202 2.615024 -4.761465
v 9.143534 2.615024 -4.761465
v 9.195866 2.615024 -4.761465
v 9.248198 2.615024 -4.761465
v 9.300529 2.615024 -4.761465
v 9.352861 2.615024 -4.761465
v 8.829543 2.647612 -4.761465
v 8.881875 2.647612 -4.761465
v 8.934207 2.647612 -4.761465
v 8.986539 2.647612 -4.761465
v 9.038870 2.647612 -4.761465
v 9.091202 2.647612 -4.761465
v 9.143534 2.647612 -4.761465
v 9.195866 2.647612 -4.761465
v 9.248198 2.647612 -4.761465
v 9.300529 2.647612 -4.761465
v 9.352861 2.647612 -4.761465
v 8.829543 2.680200 -4.761465
v 8.881875 2.680200 -4.761465
v 8.934207 2.680200 -4.761465
v 8.986539 2.680200 -4.761465
v 9.038870 2.680200 -4.761465
v 9.091202 2.680200 -4.761465
v 9.143534 2.680200 -4.761465
v 9.195866 2.680200 -4.761465
v 9.248198 2.680200 -4.761465
v 9.300529 2.680200 -4.761465
v 9.352861 2.680200 -4.761465
v 8.829543 2.712787 -4.761465
v 8.881875 2.712787 -4.761465
v 8.934207 2.712787 -4.761465
v 8.986539 2.712787 -4.761465
v 9.038870 2.712787 -4.761465
v 9.091202 2.712787 -4.761465
v 9.143534 2.712787 -4.761465
v 9.195866 2.712787 -4.761465
v 9.248198 2.712787 -4.761465
v 9.300529 2.712787 -4.761465
v 9.352861 2.712787 -4.761465
v 8.829543 2.745375 -4.761465
v 8.881875 2.745375 -4.761465
v 8.934207 2.745375 -4.761465
v 8.986539 2.745375 -4.761465
v 9.038870 2.745375 -4.761465
v 9.091202 2.745375 -4.761465
v 9.143534 2.745375 -4.761465
v 9.195866 2.745375 -4.761465
v 9.248198 2.745375 -4.761465
v 9.300529 2.745375 -4.761465
v 9.352861 2.745375 -4.761465
v 8.817088 2.740733 -5.062032
v 8.817088 2.583260 -5.209909
v 8.817088 2.561762 -5.183922
v 8.817088 2.737706 -5.056092
v 8.817088 2.750197 -5.071505
v 8.817088 2.635131 -5.252820
v 8.817088 2.607846 -5.232996
v 8.817088 2.745407 -5.066714
v 8.817088 2.543691 -5.155446
v 8.817088 2.734797 -5.050384
v 8.817088 2.761713 -5.079375
v 8.817088 2.696044 -5.281483
v 8.817088 2.664686 -5.269068
v 8.817088 2.755450 -5.076184
v 8.817088 2.731998 -5.044688
v 8.817088 2.529331 -5.124929
v 8.817088 2.518909 -5.092854
v 8.817088 2.731002 -5.038398
v 8.817088 2.768231 -5.082696
v 8.817088 2.728710 -5.289870
v 8.817088 2.512589 -5.059725
v 8.817088 2.730029 -5.032256
v 8.817088 2.782811 -5.086099
v 8.817088 2.795897 -5.294098
v 8.817088 2.762171 -5.294097
v 8.817088 2.775331 -5.084914
v 8.817088 2.729048 -5.026065
v 8.817088 2.510472 -5.026065
v 8.817088 2.512589 -4.992405
v 8.817088 2.730029 -5.019874
v 8.817088 2.518909 -4.959276
v 8.817088 2.731002 -5.013733
v 8.817088 2.798499 -5.085974
v 8.817088 2.862024 -5.281483
v 8.817088 2.829357 -5.289870
v 8.817088 2.790698 -5.087209
v 9.354213 2.607846 -5.232996
v 9.354213 2.583260 -5.209909
v 9.354213 2.561762 -5.183922
v 9.354213 2.635131 -5.252820
v 8.817088 2.529331 -4.927201
v 8.817088 2.731998 -5.007442
v 9.354213 2.543691 -5.155446
v 9.354213 2.664686 -5.269068
v 8.817088 2.806620 -5.084688
v 8.817088 2.893382 -5.269068
v 9.354213 2.529331 -5.124929
v 9.354213 2.696044 -5.281483
v 9.354213 2.518909 -5.092854
v 9.354213 2.728710 -5.289870
v 8.817088 2.734798 -5.001746
v 8.817088 2.543691 -4.896684
v 8.817088 2.561763 -4.868208
v 8.817088 2.737706 -4.996038
v 9.354213 2.512589 -5.059725
v 8.817088 2.821853 -5.077824
v 8.817088 2.950222 -5.232996
v 8.817088 2.922937 -5.252820
v 8.817088 2.814318 -5.081664
v 9.354213 2.762171 -5.294097
v 8.817088 2.583261 -4.842222
v 8.817088 2.740733 -4.990098
v 9.354213 2.510472 -5.026065
v 9.354213 2.795897 -5.294098
v 9.354213 2.512589 -4.992405
v 8.817088 2.835059 -5.066770
v 8.817088 2.996305 -5.183922
v 8.817088 2.974807 -5.209909
v 8.817088 2.828919 -5.072910
v 8.817088 2.745407 -4.985417
v 8.817088 2.607846 -4.819134
v 8.817088 2.635131 -4.799310
v 8.817088 2.750197 -4.980625
v 9.354213 2.829357 -5.289870
v 9.354213 2.518909 -4.959276
v 9.354213 2.862024 -5.281483
v 8.817088 2.844840 -5.052120
v 8.817088 3.028737 -5.124930
v 8.817088 3.014377 -5.155446
v 8.817088 2.840811 -5.060027
v 8.817088 2.755450 -4.975946
v 8.817088 2.664686 -4.783063
v 8.817088 2.696044 -4.770647
v 8.817088 2.761713 -4.972755
v 9.354213 2.529331 -4.927201
v 8.817088 2.728710 -4.762260
v 8.817088 2.768231 -4.969434
v 9.354213 2.893382 -5.269068
v 8.817088 2.850052 -5.035037
v 8.817088 3.045479 -5.059725
v 8.817088 3.039159 -5.092854
v 8.817088 2.848643 -5.043938
v 9.354213 2.543691 -4.896684
v 8.817088 2.851473 -5.026065
v 8.817088 3.047596 -5.026065
v 9.354213 2.922937 -5.252820
v 8.817088 2.775331 -4.967216
v 8.817088 2.762171 -4.758033
v 8.817088 2.795897 -4.758033
v 8.817088 2.782811 -4.966032
v 8.817088 2.850052 -5.017093
v 8.817088 3.045478 -4.992405
v 9.354213 2.561763 -4.868208
v 8.817088 2.848643 -5.008193
v 8.817088 3.039159 -4.959276
v 8.817088 2.790698 -4.964921
v 8.817088 2.829357 -4.762260
v 8.817088 2.862024 -4.770647
v 8.817088 2.798499 -4.966156
v 9.354213 2.950222 -5.232996
v 8.817088 2.893382 -4.783063
v 8.817088 2.806620 -4.967443
v 8.817088 2.840811 -4.992103
v 8.817088 3.014377 -4.896684
v 8.817088 3.028737 -4.927201
v 8.817088 2.844840 -5.000011
v 9.354213 2.583261 -4.842222
v 8.817088 2.814318 -4.970467
v 8.817088 2.922937 -4.799311
v 8.817088 2.950222 -4.819134
v 8.817088 2.821853 -4.974306
v 8.817088 2.828919 -4.979220
v 8.817088 2.974807 -4.842222
v 8.817088 2.996305 -4.868208
v 8.817088 2.835059 -4.985360
v 9.354213 2.974807 -5.209909
v 9.354213 2.607846 -4.819134
v 9.354213 2.996305 -5.183922
v 9.354213 2.737706 -5.056092
v 9.354213 2.740733 -5.062032
v 9.354213 2.745407 -5.066714
v 9.354213 2.750197 -5.071505
v 9.354213 2.734797 -5.050384
v 9.354213 2.755450 -5.076184
v 9.354213 2.761713 -5.079375
v 9.354213 2.635131 -4.799310
v 9.354213 2.731002 -5.038398
v 9.354213 2.731998 -5.044688
v 9.354213 2.768231 -5.082696
v 9.354213 3.014377 -5.155446
v 9.354213 2.730029 -5.032256
v 9.354213 2.775331 -5.084914
v 9.354213 2.782811 -5.086099
v 9.354213 2.664686 -4.783063
v 9.354213 2.730029 -5.019874
v 9.354213 2.729048 -5.026065
v 9.354213 3.028737 -5.124930
v 9.354213 2.731002 -5.013733
v 9.354213 2.790698 -5.087209
v 9.354213 2.798499 -5.085974
v 9.354213 2.696044 -4.770647
v 9.354213 2.731998 -5.007442
v 9.354213 3.039159 -5.092854
v 9.354213 2.806620 -5.084688
v 9.354213 2.728710 -4.762260
v 9.354213 3.045479 -5.059725
v 9.354213 2.737706 -4.996038
v 9.354213 2.734798 -5.001746
v 9.354213 2.814318 -5.081664
v 9.354213 2.821853 -5.077824
v 9.354213 2.762171 -4.758033
v 9.354213 2.740733 -4.990098
v 9.354213 3.047596 -5.026065
v 9.354213 2.795897 -4.758033
v 9.354213 3.045478 -4.992405
v 9.354213 2.828919 -5.072910
v 9.354213 2.835059 -5.066770
v 9.354213 2.829357 -4.762260
v 9.354213 2.750197 -4.980625
v 9.354213 2.745407 -4.985417
v 9.354213 3.039159 -4.959276
v 9.354213 2.862024 -4.770647
v 9.354213 3.028737 -4.927201
v 9.354213 2.893382 -4.783063
v 9.354213 2.840811 -5.060027
v 9.354213 2.844840 -5.052120
v 9.354213 3.014377 -4.896684
v 9.354213 2.761713 -4.972755
v 9.354213 2.755450 -4.975946
v 9.354213 2.922937 -4.799311
v 9.354213 2.996305 -4.868208
v 9.354213 2.950222 -4.819134
v 9.354213 2.974807 -4.842222
v 9.354213 2.768231 -4.969434
v 9.354213 2.848643 -5.043938
v 9.354213 2.850052 -5.035037
v 9.354213 2.851473 -5.026065
v 9.354213 2.782811 -4.966032
v 9.354213 2.775331 -4.967216
v 9.354213 2.850052 -5.017093
v 9.354213 2.848643 -5.008193
v 9.354213 2.798499 -4.966156
v 9.354213 2.790698 -4.964921
v 9.354213 2.806620 -4.967443
v 9.354213 2.844840 -5.000011
v 9.354213 2.840811 -4.992103
v 9.354213 2.821853 -4.974306
v 9.354213 2.814318 -4.970467
v 9.354213 2.835059 -4.985360
v 9.354213 2.828919 -4.979220
v 8.817088 2.740739 -5.062045
v 8.817088 2.754279 -5.075588
v 8.817088 2.732044 -5.044981
v 8.817088 2.771344 -5.084282
v 8.817088 2.729048 -5.026065
v 8.817088 2.790261 -5.087278
v 8.817088 2.732044 -5.007149
v 8.817088 2.809178 -5.084282
v 8.817088 2.826242 -5.075588
v 8.817088 2.740739 -4.990085
v 8.817088 2.839783 -5.062045
v 8.817088 2.754279 -4.976542
v 8.817088 2.848477 -5.044981
v 8.817088 2.771344 -4.967848
v 8.817088 2.790261 -4.964852
v 8.817088 2.848477 -5.007149
v 8.817088 2.809178 -4.967848
v 8.817088 2.839783 -4.990085
v 8.817088 2.826242 -4.976542
v 9.354213 2.740739 -5.062045
v 9.354213 2.754279 -5.075588
v 9.354213 2.732044 -5.044981
v 9.354213 2.771344 -5.084282
v 9.354213 2.729048 -5.026065
v 9.354213 2.790261 -5.087278
v 9.354213 2.732044 -5.007149
v 9.354213 2.809178 -5.084282
v 9.354213 2.826242 -5.075588
v 9.354213 2.740739 -4.990085
v 9.354213 2.839783 -5.062045
v 9.354213 2.754279 -4.976542
v 9.354213 2.848477 -5.044981
v 9.354213 2.771344 -4.967848
v 9.354213 2.790261 -4.964852
v 9.354213 2.848477 -5.007149
v 9.354213 2.809178 -4.967848
v 9.354213 2.839783 -4.990085
v 9.354213 2.826242 -4.976542
v 9.468200 2.840699 -5.047192
v 9.468200 2.835077 -5.058227
v 9.468200 2.826320 -5.066984
v 9.468200 2.815285 -5.072607
v 9.468200 2.803053 -5.074544
v 9.468200 2.790819 -5.072607
v 9.468200 2.779785 -5.066984
v 9.468200 2.771029 -5.058227
v 9.468200 2.765406 -5.047192
v 9.468200 2.763469 -5.034960
v 9.468200 2.765406 -5.022728
v 9.468200 2.771029 -5.011693
v 9.468200 2.779785 -5.002935
v 9.468200 2.790819 -4.997313
v 9.468200 2.803053 -4.995376
v 9.468200 2.815285 -4.997313
v 9.468200 2.826320 -5.002935
v 9.468200 2.835077 -5.011693
v 9.468200 2.840699 -5.022728
v 9.468200 2.842636 -5.034960
v 8.861940 2.840699 -5.047192
v 8.861940 2.835077 -5.058227
v 8.861940 2.826320 -5.066984
v 8.861940 2.815285 -5.072607
v 8.861940 2.803053 -5.074544
v 8.861940 2.790819 -5.072607
v 8.861940 2.779785 -5.066984
v 8.861940 2.771029 -5.058227
v 8.861940 2.765406 -5.047192
v 8.861940 2.763469 -5.034960
v 8.861940 2.765406 -5.022728
v 8.861940 2.771029 -5.011693
v 8.861940 2.779785 -5.002935
v 8.861940 2.790819 -4.997313
v 8.861940 2.803053 -4.995376
v 8.861940 2.815285 -4.997313
v 8.861940 2.826320 -5.002935
v 8.861940 2.835077 -5.011693
v 8.861940 2.840699 -5.022728
v 8.861940 2.842636 -5.034960
v 9.468199 2.803053 -5.034960
v 8.807989 2.840699 -5.046997
v 8.809611 2.835077 -5.057856
v 8.810897 2.826320 -5.066474
v 8.811724 2.815285 -5.072007
v 8.812008 2.803053 -5.073914
v 8.811724 2.790819 -5.072007
v 8.810897 2.779785 -5.066474
v 8.809611 2.771027 -5.057856
v 8.807989 2.765406 -5.046997
v 8.806192 2.763469 -5.034960
v 8.804395 2.765406 -5.022923
v 8.802774 2.771029 -5.012064
v 8.801487 2.779787 -5.003446
v 8.800661 2.790821 -4.997913
v 8.800376 2.803053 -4.996006
v 8.800661 2.815285 -4.997913
v 8.801487 2.826320 -5.003446
v 8.802774 2.835077 -5.012064
v 8.804395 2.840699 -5.022923
v 8.806192 2.842636 -5.034960
v 8.780619 2.840699 -5.052639
v 8.784285 2.835077 -5.062743
v 8.787196 2.826321 -5.070761
v 8.789065 2.815286 -5.075909
v 8.789708 2.803053 -5.077682
v 8.789065 2.790819 -5.075908
v 8.787196 2.779785 -5.070761
v 8.784285 2.771028 -5.062743
v 8.780619 2.765406 -5.052639
v 8.776553 2.763469 -5.041440
v 8.772488 2.765406 -5.030241
v 8.768821 2.771028 -5.020138
v 8.765911 2.779785 -5.012120
v 8.764042 2.790821 -5.006972
v 8.763398 2.803053 -5.005198
v 8.764042 2.815283 -5.006972
v 8.765911 2.826321 -5.012120
v 8.768821 2.835077 -5.020138
v 8.772488 2.840699 -5.030241
v 8.776553 2.842636 -5.041440
v 8.749867 2.840699 -5.067722
v 8.756731 2.835077 -5.074987
v 8.762178 2.826318 -5.080753
v 8.765676 2.815286 -5.084455
v 8.766881 2.803053 -5.085730
v 8.765676 2.790817 -5.084455
v 8.762179 2.779787 -5.080753
v 8.756731 2.771029 -5.074987
v 8.749868 2.765407 -5.067722
v 8.742259 2.763469 -5.059669
v 8.734651 2.765406 -5.051616
v 8.727787 2.771027 -5.044351
v 8.722341 2.779785 -5.038586
v 8.718843 2.790819 -5.034884
v 8.717638 2.803051 -5.033609
v 8.718843 2.815285 -5.034884
v 8.722341 2.826321 -5.038585
v 8.727787 2.835077 -5.044351
v 8.734651 2.840699 -5.051616
v 8.742259 2.842636 -5.059669
v 8.718139 2.840699 -5.111216
v 8.726095 2.835076 -5.116612
v 8.732408 2.826318 -5.120894
v 8.736461 2.815286 -5.123642
v 8.737858 2.803050 -5.124589
v 8.736462 2.790819 -5.123643
v 8.732408 2.779789 -5.120894
v 8.726094 2.771029 -5.116611
v 8.718140 2.765407 -5.111216
v 8.709323 2.763469 -5.105237
v 8.700506 2.765406 -5.099257
v 8.692550 2.771027 -5.093861
v 8.686238 2.779785 -5.089580
v 8.682186 2.790818 -5.086832
v 8.680789 2.803053 -5.085885
v 8.682186 2.815286 -5.086831
v 8.686239 2.826319 -5.089580
v 8.692550 2.835077 -5.093861
v 8.700505 2.840699 -5.099256
v 8.709322 2.842636 -5.105236
v 8.688522 2.840698 -5.172447
v 8.697636 2.835074 -5.172895
v 8.704868 2.826316 -5.173251
v 8.709510 2.815283 -5.173479
v 8.711109 2.803048 -5.173558
v 8.709511 2.790819 -5.173479
v 8.704869 2.779790 -5.173251
v 8.697635 2.771029 -5.172895
v 8.688524 2.765406 -5.172446
v 8.678428 2.763470 -5.171950
v 8.668327 2.765406 -5.171453
v 8.659214 2.771028 -5.171005
v 8.651985 2.779785 -5.170649
v 8.647344 2.790817 -5.170420
v 8.645744 2.803053 -5.170342
v 8.647344 2.815288 -5.170421
v 8.651985 2.826320 -5.170649
v 8.659214 2.835077 -5.171005
v 8.668325 2.840698 -5.171453
v 8.678425 2.842636 -5.171950
v 8.679563 2.840696 -5.439063
v 8.688677 2.835072 -5.439512
v 8.695911 2.826313 -5.439868
v 8.700554 2.815279 -5.440096
v 8.702153 2.803044 -5.440175
v 8.700556 2.790819 -5.440096
v 8.695914 2.779793 -5.439868
v 8.688675 2.771027 -5.439512
v 8.679566 2.765402 -5.439063
v 8.669473 2.763469 -5.438567
v 8.659370 2.765406 -5.438070
v 8.650255 2.771029 -5.437621
v 8.643025 2.779787 -5.437265
v 8.638386 2.790812 -5.437037
v 8.636787 2.803052 -5.436959
v 8.638387 2.815294 -5.437037
v 8.643026 2.826321 -5.437265
v 8.650253 2.835074 -5.437621
v 8.659366 2.840696 -5.438070
v 8.669467 2.842634 -5.438567
v 8.677868 2.840696 -5.471624
v 8.686568 2.835071 -5.468304
v 8.693474 2.826311 -5.465669
v 8.697905 2.815278 -5.463978
v 8.699432 2.803043 -5.463395
v 8.697907 2.790819 -5.463977
v 8.693477 2.779794 -5.465668
v 8.686566 2.771027 -5.468305
v 8.677872 2.765401 -5.471622
v 8.668240 2.763469 -5.475298
v 8.658596 2.765406 -5.478978
v 8.649895 2.771029 -5.482299
v 8.642993 2.779787 -5.484932
v 8.638566 2.790812 -5.486621
v 8.637041 2.803052 -5.487204
v 8.638567 2.815294 -5.486621
v 8.642995 2.826321 -5.484931
v 8.649892 2.835074 -5.482299
v 8.658591 2.840696 -5.478980
v 8.668232 2.842634 -5.475301
v 8.688068 2.840697 -5.513276
v 8.695282 2.835071 -5.506520
v 8.701009 2.826311 -5.501157
v 8.704684 2.815278 -5.497716
v 8.705949 2.803042 -5.496530
v 8.704686 2.790819 -5.497713
v 8.701012 2.779795 -5.501154
v 8.695280 2.771027 -5.506522
v 8.688071 2.765401 -5.513273
v 8.680084 2.763468 -5.520753
v 8.672087 2.765406 -5.528243
v 8.664872 2.771029 -5.535000
v 8.659149 2.779787 -5.540359
v 8.655478 2.790810 -5.543797
v 8.654213 2.803052 -5.544982
v 8.655479 2.815296 -5.543797
v 8.659150 2.826321 -5.540358
v 8.664870 2.835073 -5.535002
v 8.672083 2.840695 -5.528247
v 8.680079 2.842634 -5.520759
v 8.707783 2.840697 -5.545411
v 8.712538 2.835071 -5.535990
v 8.716312 2.826311 -5.528511
v 8.718734 2.815277 -5.523713
v 8.719569 2.803042 -5.522060
v 8.718736 2.790819 -5.523709
v 8.716314 2.779795 -5.528507
v 8.712536 2.771027 -5.535993
v 8.707784 2.765401 -5.545406
v 8.702520 2.763467 -5.555835
v 8.697248 2.765405 -5.566279
v 8.692492 2.771029 -5.575701
v 8.688720 2.779788 -5.583174
v 8.686300 2.790810 -5.587968
v 8.685467 2.803051 -5.589619
v 8.686301 2.815296 -5.587967
v 8.688721 2.826321 -5.583173
v 8.692491 2.835072 -5.575704
v 8.697245 2.840694 -5.566285
v 8.702516 2.842634 -5.555844
v 8.733627 2.840696 -5.564771
v 8.736830 2.835070 -5.554435
v 8.739373 2.826310 -5.546229
v 8.741004 2.815277 -5.540965
v 8.741566 2.803042 -5.539151
v 8.741005 2.790819 -5.540960
v 8.739374 2.779796 -5.546225
v 8.736828 2.771026 -5.554438
v 8.733628 2.765400 -5.564766
v 8.730082 2.763468 -5.576209
v 8.726530 2.765405 -5.587668
v 8.723327 2.771029 -5.598005
v 8.720786 2.779788 -5.606205
v 8.719155 2.790810 -5.611465
v 8.718594 2.803051 -5.613276
v 8.719155 2.815296 -5.611463
v 8.720786 2.826320 -5.606203
v 8.723326 2.835073 -5.598009
v 8.726528 2.840695 -5.587675
v 8.730078 2.842633 -5.576219
v 9.206884 2.840696 -5.555122
v 9.210087 2.835071 -5.544785
v 9.203336 2.803050 -5.566564
v 9.212630 2.826311 -5.536572
v 9.214261 2.815277 -5.531306
v 9.214823 2.803042 -5.529497
v 9.214262 2.790819 -5.531298
v 9.212631 2.779795 -5.536556
v 9.210086 2.771026 -5.544782
v 9.206885 2.765400 -5.555113
v 9.203339 2.763468 -5.566552
v 9.199788 2.765405 -5.578015
v 9.196584 2.771029 -5.588357
v 9.194043 2.779788 -5.596559
v 9.192413 2.790810 -5.601812
v 9.191852 2.803051 -5.603621
v 9.192413 2.815297 -5.601817
v 9.194044 2.826321 -5.596557
v 9.196583 2.835073 -5.588355
v 9.199785 2.840695 -5.578025
v 9.203336 2.842634 -5.566571
vt 0.196283 0.032233
vt 0.210390 0.032233
vt 0.224498 0.032233
vt 0.238605 0.032233
vt 0.252712 0.032233
vt 0.266820 0.032233
vt 0.280927 0.032233
vt 0.295034 0.032233
vt 0.309142 0.032233
vt 0.323249 0.032233
vt 0.337357 0.032233
vt 0.196283 0.040423
vt 0.210390 0.040423
vt 0.224498 0.040423
vt 0.238605 0.040423
vt 0.252712 0.040423
vt 0.266820 0.040423
vt 0.280927 0.040423
vt 0.295034 0.040423
vt 0.309142 0.040423
vt 0.323249 0.040423
vt 0.337357 0.040423
vt 0.196283 0.048612
vt 0.210390 0.048612
vt 0.224498 0.048612
vt 0.238605 0.048612
vt 0.252712 0.048612
vt 0.266820 0.048612
vt 0.280927 0.048612
vt 0.295034 0.048612
vt 0.309142 0.048612
vt 0.323249 0.048612
vt 0.337357 0.048612
vt 0.196283 0.056802
vt 0.210390 0.056802
vt 0.224498 0.056802
vt 0.238605 0.056802
vt 0.252712 0.056802
vt 0.266820 0.056802
vt 0.280927 0.056802
vt 0.295034 0.056802
vt 0.309142 0.056802
vt 0.323249 0.056802
vt 0.337357 0.056802
vt 0.196283 0.064992
vt 0.210390 0.064992
vt 0.224498 0.064992
vt 0.238605 0.064992
vt 0.252712 0.064992
vt 0.266820 0.064992
vt 0.280927 0.064992
vt 0.295034 0.064992
vt 0.309142 0.064992
vt 0.323249 0.064992
vt 0.337357 0.064992
vt 0.196283 0.073181
vt 0.210390 0.073181
vt 0.224498 0.073181
vt 0.238605 0.073181
vt 0.252712 0.073181
vt 0.266820 0.073181
vt 0.280927 0.073181
vt 0.295034 0.073181
vt 0.309142 0.073181
vt 0.323249 0.073181
vt 0.337357 0.073181
vt 0.196283 0.081371
vt 0.210390 0.081371
vt 0.224498 0.081371
vt 0.238605 0.081371
vt 0.252712 0.081371
vt 0.266820 0.081371
vt 0.280927 0.081371
vt 0.295034 0.081371
vt 0.309142 0.081371
vt 0.323249 0.081371
vt 0.337357 0.081371
vt 0.196283 0.089561
vt 0.210390 0.089561
vt 0.224498 0.089561
vt 0.238605 0.089561
vt 0.252712 0.089561
vt 0.266820 0.089561
vt 0.280927 0.089561
vt 0.295034 0.089561
vt 0.309142 0.089561
vt 0.323249 0.089561
vt 0.337357 0.089561
vt 0.196283 0.097750
vt 0.210390 0.097750
vt 0.224498 0.097750
vt 0.238605 0.097750
vt 0.252712 0.097750
vt 0.266820 0.097750
vt 0.280927 0.097750
vt 0.295034 0.097750
vt 0.309142 0.097750
vt 0.323249 0.097750
vt 0.337357 0.097750
vt 0.196283 0.105940
vt 0.210390 0.105940
vt 0.224498 0.105940
vt 0.238605 0.105940
vt 0.252712 0.105940
vt 0.266820 0.105940
vt 0.280927 0.105940
vt 0.295034 0.105940
vt 0.309142 0.105940
vt 0.323249 0.105940
vt 0.337357 0.105940
vt 0.196283 0.114130
vt 0.210390 0.114130
vt 0.224498 0.114130
vt 0.238605 0.114130
vt 0.252712 0.114130
vt 0.266820 0.114130
vt 0.280927 0.114130
vt 0.295034 0.114130
vt 0.309142 0.114130
vt 0.323249 0.114130
vt 0.337357 0.114130
vt 0.358728 0.032233
vt 0.372835 0.032233
vt 0.372835 0.040423
vt 0.358728 0.040423
vt 0.386943 0.032233
vt 0.386943 0.040423
vt 0.401050 0.032233
vt 0.401050 0.040423
vt 0.415157 0.032233
vt 0.415157 0.040423
vt 0.429265 0.032233
vt 0.429265 0.040423
vt 0.443372 0.032233
vt 0.443372 0.040423
vt 0.457480 0.032233
vt 0.457480 0.040423
vt 0.471587 0.032233
vt 0.471587 0.040423
vt 0.485694 0.032233
vt 0.485694 0.040423
vt 0.499802 0.032233
vt 0.499802 0.040423
vt 0.372835 0.048612
vt 0.358728 0.048612
vt 0.386943 0.048612
vt 0.401050 0.048612
vt 0.415157 0.048612
vt 0.429265 0.048612
vt 0.443372 0.048612
vt 0.457480 0.048612
vt 0.471587 0.048612
vt 0.485694 0.048612
vt 0.499802 0.048612
vt 0.372835 0.056802
vt 0.358728 0.056802
vt 0.386943 0.056802
vt 0.401050 0.056802
vt 0.415157 0.056802
vt 0.429265 0.056802
vt 0.443372 0.056802
vt 0.457480 0.056802
vt 0.471587 0.056802
vt 0.485694 0.056802
vt 0.499802 0.056802
vt 0.372835 0.064992
vt 0.358728 0.064992
vt 0.386943 0.064992
vt 0.401050 0.064992
vt 0.415157 0.064992
vt 0.429265 0.064992
vt 0.443372 0.064992
vt 0.457480 0.064992
vt 0.471587 0.064992
vt 0.485694 0.064992
vt 0.499802 0.064992
vt 0.372835 0.073181
vt 0.358728 0.073181
vt 0.386943 0.073181
vt 0.401050 0.073181
vt 0.415157 0.073181
vt 0.429265 0.073181
vt 0.443372 0.073181
vt 0.457480 0.073181
vt 0.471587 0.073181
vt 0.485694 0.073181
vt 0.499802 0.073181
vt 0.372835 0.081371
vt 0.358728 0.081371
vt 0.386943 0.081371
vt 0.401050 0.081371
vt 0.415157 0.081371
vt 0.429265 0.081371
vt 0.443372 0.081371
vt 0.457480 0.081371
vt 0.471587 0.081371
vt 0.485694 0.081371
vt 0.499802 0.081371
vt 0.372835 0.089561
vt 0.358728 0.089561
vt 0.386943 0.089561
vt 0.401050 0.089561
vt 0.415157 0.089561
vt 0.429265 0.089561
vt 0.443372 0.089561
vt 0.457480 0.089561
vt 0.471587 0.089561
vt 0.485694 0.089561
vt 0.499802 0.089561
vt 0.372835 0.097750
vt 0.358728 0.097750
vt 0.386943 0.097750
vt 0.401050 0.097750
vt 0.415157 0.097750
vt 0.429265 0.097750
vt 0.443372 0.097750
vt 0.457480 0.097750
vt 0.471587 0.097750
vt 0.485694 0.097750
vt 0.499802 0.097750
vt 0.372835 0.105940
vt 0.358728 0.105940
vt 0.386943 0.105940
vt 0.401050 0.105940
vt 0.415157 0.105940
vt 0.429265 0.105940
vt 0.443372 0.105940
vt 0.457480 0.105940
vt 0.471587 0.105940
vt 0.485694 0.105940
vt 0.499802 0.105940
vt 0.372835 0.114130
vt 0.358728 0.114130
vt 0.386943 0.114130
vt 0.401050 0.114130
vt 0.415157 0.114130
vt 0.429265 0.114130
vt 0.443372 0.114130
vt 0.457480 0.114130
vt 0.471587 0.114130
vt 0.485694 0.114130
vt 0.499802 0.114130
vt 0.595677 0.085203
vt 0.552073 0.038769
vt 0.559736 0.032430
vt 0.597429 0.084310
vt 0.592884 0.087994
vt 0.539420 0.054064
vt 0.545265 0.046019
vt 0.594297 0.086581
vt 0.568132 0.027102
vt 0.599112 0.083453
vt 0.590563 0.091389
vt 0.530968 0.072026
vt 0.534629 0.062779
vt 0.591504 0.089542
vt 0.600791 0.082627
vt 0.577131 0.022867
vt 0.586589 0.019794
vt 0.602646 0.082334
vt 0.589584 0.093311
vt 0.528495 0.081658
vt 0.596358 0.017931
vt 0.604457 0.082047
vt 0.588581 0.097610
vt 0.527249 0.101469
vt 0.527249 0.091524
vt 0.588930 0.095405
vt 0.606283 0.081758
vt 0.606283 0.017306
vt 0.616208 0.017931
vt 0.608108 0.082047
vt 0.625977 0.019794
vt 0.609919 0.082334
vt 0.588618 0.102236
vt 0.530968 0.120968
vt 0.528495 0.111335
vt 0.588253 0.099936
vt 0.694568 0.017306
vt 0.701375 0.017306
vt 0.701375 0.175687
vt 0.694568 0.175687
vt 0.709038 0.017306
vt 0.709038 0.175687
vt 0.688722 0.017306
vt 0.688722 0.175687
vt 0.635435 0.022867
vt 0.611774 0.082627
vt 0.717435 0.017306
vt 0.717435 0.175687
vt 0.901699 0.017306
vt 0.910414 0.017306
vt 0.910414 0.175687
vt 0.901699 0.175687
vt 0.588997 0.104631
vt 0.534629 0.130214
vt 0.726433 0.017306
vt 0.726433 0.175687
vt 0.892453 0.017306
vt 0.892453 0.175687
vt 0.735891 0.017306
vt 0.735891 0.175687
vt 0.882821 0.017306
vt 0.882821 0.175687
vt 0.613454 0.083453
vt 0.644433 0.027102
vt 0.652830 0.032430
vt 0.615137 0.084310
vt 0.745660 0.017306
vt 0.745660 0.175687
vt 0.591021 0.109123
vt 0.545265 0.146975
vt 0.539420 0.138929
vt 0.589889 0.106901
vt 0.872954 0.017306
vt 0.872954 0.175687
vt 0.660492 0.038769
vt 0.616888 0.085203
vt 0.755585 0.017306
vt 0.755585 0.175687
vt 0.863009 0.017306
vt 0.863009 0.175687
vt 0.765510 0.017306
vt 0.765510 0.175687
vt 0.594280 0.113017
vt 0.559736 0.160563
vt 0.552073 0.154224
vt 0.592470 0.111206
vt 0.618269 0.086581
vt 0.667300 0.046019
vt 0.673145 0.054064
vt 0.619681 0.087994
vt 0.853143 0.017306
vt 0.853143 0.175687
vt 0.775279 0.017306
vt 0.775279 0.175687
vt 0.843511 0.017306
vt 0.843511 0.175687
vt 0.598600 0.115901
vt 0.577131 0.170126
vt 0.568132 0.165892
vt 0.596268 0.114713
vt 0.621061 0.089542
vt 0.677936 0.062779
vt 0.681597 0.072026
vt 0.622002 0.091389
vt 0.784737 0.017306
vt 0.784737 0.175687
vt 0.684070 0.081658
vt 0.622981 0.093311
vt 0.834264 0.017306
vt 0.834264 0.175687
vt 0.603637 0.117438
vt 0.596358 0.175063
vt 0.586589 0.173199
vt 0.601013 0.117022
vt 0.793735 0.017306
vt 0.793735 0.175687
vt 0.606283 0.117857
vt 0.606283 0.175687
vt 0.825549 0.017306
vt 0.825549 0.175687
vt 0.623635 0.095405
vt 0.685317 0.091524
vt 0.685317 0.101469
vt 0.623985 0.097610
vt 0.608928 0.117438
vt 0.616208 0.175063
vt 0.802132 0.017306
vt 0.802132 0.175687
vt 0.611553 0.117022
vt 0.625977 0.173199
vt 0.624312 0.099936
vt 0.684070 0.111335
vt 0.681597 0.120968
vt 0.623948 0.102236
vt 0.969646 0.177483
vt 0.975491 0.177483
vt 0.975491 0.335864
vt 0.969646 0.335864
vt 0.677936 0.130214
vt 0.623569 0.104631
vt 0.616297 0.114713
vt 0.644433 0.165892
vt 0.635435 0.170126
vt 0.613965 0.115901
vt 0.809794 0.017306
vt 0.809794 0.175687
vt 0.622677 0.106901
vt 0.673145 0.138929
vt 0.667300 0.146974
vt 0.621545 0.109123
vt 0.620096 0.111206
vt 0.660492 0.154224
vt 0.652830 0.160563
vt 0.618285 0.113017
vt 0.962838 0.177483
vt 0.962838 0.335864
vt 0.816602 0.017306
vt 0.816602 0.175687
vt 0.955175 0.177483
vt 0.955175 0.335864
vt 0.768825 0.244487
vt 0.806517 0.192607
vt 0.814180 0.198946
vt 0.770576 0.245380
vt 0.771956 0.246758
vt 0.820988 0.206196
vt 0.826833 0.214241
vt 0.773369 0.248171
vt 0.767142 0.243630
vt 0.798121 0.187279
vt 0.774749 0.249719
vt 0.831624 0.222956
vt 0.835285 0.232202
vt 0.775690 0.251566
vt 0.822448 0.017306
vt 0.822448 0.175687
vt 0.763607 0.242510
vt 0.779664 0.179971
vt 0.789122 0.183044
vt 0.765462 0.242804
vt 0.837758 0.241835
vt 0.776669 0.253488
vt 0.946779 0.177483
vt 0.946779 0.335864
vt 0.761796 0.242224
vt 0.769896 0.178108
vt 0.777323 0.255582
vt 0.839005 0.251701
vt 0.839005 0.261646
vt 0.777672 0.257787
vt 0.593311 0.177483
vt 0.602026 0.177483
vt 0.602026 0.335864
vt 0.593311 0.335864
vt 0.758145 0.242224
vt 0.750045 0.178108
vt 0.759971 0.177483
vt 0.759971 0.241934
vt 0.937780 0.177483
vt 0.937780 0.335864
vt 0.756334 0.242510
vt 0.740277 0.179971
vt 0.778000 0.260113
vt 0.837758 0.271512
vt 0.835285 0.281145
vt 0.777636 0.262413
vt 0.611272 0.177483
vt 0.611272 0.335864
vt 0.754479 0.242804
vt 0.730819 0.183044
vt 0.928322 0.177483
vt 0.928322 0.335864
vt 0.831624 0.290391
vt 0.777256 0.264808
vt 0.620904 0.177483
vt 0.620904 0.335864
vt 0.918554 0.177483
vt 0.918554 0.335864
vt 0.751117 0.244487
vt 0.713424 0.192607
vt 0.721820 0.187279
vt 0.752800 0.243630
vt 0.776365 0.267078
vt 0.826833 0.299106
vt 0.820988 0.307151
vt 0.775233 0.269300
vt 0.630771 0.177483
vt 0.630771 0.335864
vt 0.749365 0.245380
vt 0.705761 0.198946
vt 0.908628 0.177483
vt 0.908628 0.335864
vt 0.640716 0.177483
vt 0.640716 0.335864
vt 0.898703 0.177483
vt 0.898703 0.335864
vt 0.773784 0.271383
vt 0.814180 0.314401
vt 0.806517 0.320740
vt 0.771973 0.273194
vt 0.650582 0.177483
vt 0.650582 0.335864
vt 0.746572 0.248171
vt 0.693108 0.214241
vt 0.698953 0.206196
vt 0.747985 0.246758
vt 0.888935 0.177483
vt 0.888935 0.335864
vt 0.660214 0.177483
vt 0.660214 0.335864
vt 0.879477 0.177483
vt 0.879477 0.335864
vt 0.669461 0.177483
vt 0.669461 0.335864
vt 0.769985 0.274890
vt 0.798121 0.326069
vt 0.789123 0.330303
vt 0.767653 0.276078
vt 0.870478 0.177483
vt 0.870478 0.335864
vt 0.744251 0.251566
vt 0.684656 0.232202
vt 0.688317 0.222956
vt 0.745192 0.249719
vt 0.678175 0.177483
vt 0.678175 0.335864
vt 0.862081 0.177483
vt 0.862081 0.335864
vt 0.841766 0.177483
vt 0.847611 0.177483
vt 0.847611 0.335864
vt 0.841766 0.335864
vt 0.854419 0.177483
vt 0.854419 0.335864
vt 0.743272 0.253488
vt 0.682183 0.241835
vt 0.765241 0.277199
vt 0.779664 0.333376
vt 0.769896 0.335239
vt 0.762616 0.277615
vt 0.759971 0.335864
vt 0.759971 0.278034
vt 0.742269 0.257787
vt 0.680937 0.261646
vt 0.680937 0.251701
vt 0.742618 0.255582
vt 0.750045 0.335239
vt 0.757325 0.277615
vt 0.740277 0.333376
vt 0.754701 0.277199
vt 0.742305 0.262413
vt 0.684656 0.281145
vt 0.682183 0.271512
vt 0.741941 0.260113
vt 0.742685 0.264808
vt 0.688317 0.290391
vt 0.752288 0.276078
vt 0.730819 0.330303
vt 0.721820 0.326069
vt 0.749956 0.274890
vt 0.744708 0.269300
vt 0.698953 0.307151
vt 0.693108 0.299106
vt 0.743576 0.267078
vt 0.747968 0.273194
vt 0.713424 0.320740
vt 0.705761 0.314401
vt 0.746157 0.271383
vt 0.595673 0.085205
vt 0.591680 0.089197
vt 0.600705 0.082641
vt 0.589116 0.094229
vt 0.606283 0.081758
vt 0.588233 0.099807
vt 0.611860 0.082641
vt 0.589116 0.105385
vt 0.591680 0.110417
vt 0.616892 0.085205
vt 0.595673 0.114410
vt 0.620885 0.089197
vt 0.600705 0.116973
vt 0.623449 0.094229
vt 0.624333 0.099807
vt 0.611860 0.116973
vt 0.623449 0.105385
vt 0.616892 0.114410
vt 0.620885 0.110417
vt 0.770580 0.245382
vt 0.774573 0.249374
vt 0.765548 0.242818
vt 0.777137 0.254406
vt 0.759971 0.241934
vt 0.778020 0.259984
vt 0.754393 0.242818
vt 0.777137 0.265562
vt 0.774573 0.270594
vt 0.749361 0.245382
vt 0.770580 0.274586
vt 0.745368 0.249374
vt 0.765548 0.277150
vt 0.742804 0.254406
vt 0.741921 0.259984
vt 0.754393 0.277150
vt 0.742804 0.265562
vt 0.749361 0.274586
vt 0.745368 0.270594
vt 0.586557 0.177483
vt 0.587933 0.177483
vt 0.589346 0.177483
vt 0.590550 0.177483
vt 0.590550 0.335864
vt 0.589346 0.335864
vt 0.587933 0.335864
vt 0.586557 0.335864
vt 0.542396 0.177483
vt 0.543571 0.177483
vt 0.545777 0.177483
vt 0.547974 0.177483
vt 0.547974 0.335864
vt 0.545777 0.335864
vt 0.543571 0.335864
vt 0.542396 0.335864
vt 0.553551 0.177483
vt 0.555067 0.177483
vt 0.557289 0.177483
vt 0.558583 0.177483
vt 0.558583 0.335864
vt 0.557289 0.335864
vt 0.555067 0.335864
vt 0.553551 0.335864
vt 0.527249 0.337660
vt 0.528038 0.337660
vt 0.529849 0.337660
vt 0.531242 0.337660
vt 0.531242 0.496041
vt 0.529849 0.496041
vt 0.528038 0.496041
vt 0.527249 0.496041
vt 0.561344 0.177483
vt 0.562548 0.177483
vt 0.563961 0.177483
vt 0.565338 0.177483
vt 0.565338 0.335864
vt 0.563961 0.335864
vt 0.562548 0.335864
vt 0.561344 0.335864
vt 0.531837 0.337660
vt 0.534169 0.337660
vt 0.536274 0.337660
vt 0.536274 0.496041
vt 0.534169 0.496041
vt 0.531837 0.496041
vt 0.536581 0.337660
vt 0.539206 0.337660
vt 0.541851 0.337660
vt 0.541851 0.496041
vt 0.539206 0.496041
vt 0.536581 0.496041
vt 0.570399 0.337660
vt 0.572595 0.337660
vt 0.574801 0.337660
vt 0.575977 0.337660
vt 0.575977 0.496041
vt 0.574801 0.496041
vt 0.572595 0.496041
vt 0.570399 0.496041
vt 0.544497 0.337660
vt 0.547121 0.337660
vt 0.547429 0.337660
vt 0.547429 0.496041
vt 0.547121 0.496041
vt 0.544497 0.496041
vt 0.559789 0.337660
vt 0.561083 0.337660
vt 0.563305 0.337660
vt 0.564821 0.337660
vt 0.564821 0.496041
vt 0.563305 0.496041
vt 0.561083 0.496041
vt 0.559789 0.496041
vt 0.549534 0.337660
vt 0.551866 0.337660
vt 0.552461 0.337660
vt 0.552461 0.496041
vt 0.551866 0.496041
vt 0.549534 0.496041
vt 0.553854 0.337660
vt 0.555664 0.337660
vt 0.556454 0.337660
vt 0.556454 0.496041
vt 0.555664 0.496041
vt 0.553854 0.496041
vt 0.581525 0.177483
vt 0.583118 0.177483
vt 0.584801 0.177483
vt 0.586553 0.177483
vt 0.586553 0.335864
vt 0.584801 0.335864
vt 0.583118 0.335864
vt 0.581525 0.335864
vt 0.537364 0.177483
vt 0.537709 0.177483
vt 0.539555 0.177483
vt 0.541478 0.177483
vt 0.541478 0.335864
vt 0.539555 0.335864
vt 0.537709 0.335864
vt 0.537364 0.335864
vt 0.575947 0.177483
vt 0.577772 0.177483
vt 0.579584 0.177483
vt 0.581438 0.177483
vt 0.581438 0.335864
vt 0.579584 0.335864
vt 0.577772 0.335864
vt 0.575947 0.335864
vt 0.548102 0.177483
vt 0.550403 0.177483
vt 0.552797 0.177483
vt 0.552797 0.335864
vt 0.550403 0.335864
vt 0.548102 0.335864
vt 0.565341 0.177483
vt 0.567093 0.177483
vt 0.568776 0.177483
vt 0.570369 0.177483
vt 0.570369 0.335864
vt 0.568776 0.335864
vt 0.567093 0.335864
vt 0.565341 0.335864
vt 0.576895 0.337660
vt 0.578817 0.337660
vt 0.580663 0.337660
vt 0.581008 0.337660
vt 0.581008 0.496041
vt 0.580663 0.496041
vt 0.578817 0.496041
vt 0.576895 0.496041
vt 0.565575 0.337660
vt 0.567969 0.337660
vt 0.570270 0.337660
vt 0.570270 0.496041
vt 0.567969 0.496041
vt 0.565575 0.496041
vt 0.570456 0.177483
vt 0.572311 0.177483
vt 0.574122 0.177483
vt 0.575947 0.177483
vt 0.575947 0.335864
vt 0.574122 0.335864
vt 0.572311 0.335864
vt 0.570456 0.335864
vt 0.583299 0.969328
vt 0.586559 0.965746
vt 0.302060 0.977943
vt 0.305603 0.982831
vt 0.589201 0.959830
vt 0.299103 0.969138
vt 0.590923 0.952153
vt 0.297134 0.957207
vt 0.591521 0.943528
vt 0.296442 0.943528
vt 0.590923 0.934902
vt 0.297134 0.929849
vt 0.589201 0.927225
vt 0.299103 0.917918
vt 0.586559 0.921309
vt 0.302060 0.909113
vt 0.583299 0.917727
vt 0.305603 0.904225
vt 0.579774 0.916761
vt 0.309308 0.903451
vt 0.576342 0.918408
vt 0.312795 0.906514
vt 0.573326 0.922411
vt 0.315767 0.912832
vt 0.570985 0.928327
vt 0.318017 0.921656
vt 0.569507 0.935584
vt 0.319412 0.932168
vt 0.569002 0.943528
vt 0.319884 0.943528
vt 0.569507 0.951472
vt 0.319412 0.954887
vt 0.570985 0.958728
vt 0.318017 0.965400
vt 0.573326 0.964644
vt 0.315767 0.974224
vt 0.576342 0.968648
vt 0.312795 0.980542
vt 0.579774 0.970294
vt 0.309308 0.983605
vt 0.579774 0.943528
vt 0.656796 0.974828
vt 0.652039 0.969384
vt 0.661800 0.932153
vt 0.648095 0.959767
vt 0.645486 0.946868
vt 0.644575 0.932143
vt 0.645483 0.917433
vt 0.648089 0.904543
vt 0.652039 0.894917
vt 0.656792 0.889472
vt 0.661795 0.888481
vt 0.666544 0.891694
vt 0.670614 0.898518
vt 0.673703 0.908147
vt 0.675622 0.919661
vt 0.676271 0.932154
vt 0.675623 0.944651
vt 0.673703 0.956167
vt 0.670614 0.965789
vt 0.666548 0.972610
vt 0.661802 0.975823
vt 0.282055 0.974504
vt 0.285113 0.978994
vt 0.279514 0.966528
vt 0.277827 0.955795
vt 0.277235 0.943528
vt 0.277827 0.931261
vt 0.279514 0.920527
vt 0.282055 0.912550
vt 0.285113 0.908061
vt 0.288326 0.907267
vt 0.291367 0.909957
vt 0.293971 0.915630
vt 0.295950 0.923620
vt 0.297182 0.933180
vt 0.297599 0.943528
vt 0.297182 0.953877
vt 0.295950 0.963436
vt 0.293971 0.971426
vt 0.291367 0.977099
vt 0.288326 0.979788
vt 0.272067 0.973229
vt 0.274356 0.977519
vt 0.270163 0.965592
vt 0.268898 0.955300
vt 0.268454 0.943528
vt 0.268898 0.931756
vt 0.270163 0.921463
vt 0.272067 0.913826
vt 0.274356 0.909537
vt 0.276759 0.908790
vt 0.279031 0.911376
vt 0.280977 0.916814
vt 0.282455 0.924466
vt 0.283375 0.933620
vt 0.283687 0.943528
vt 0.283375 0.953435
vt 0.282455 0.962590
vt 0.280977 0.970241
vt 0.279031 0.975679
vt 0.276759 0.978266
vt 0.259706 0.972179
vt 0.260377 0.976318
vt 0.259148 0.964812
vt 0.258778 0.954886
vt 0.258647 0.943528
vt 0.258778 0.932168
vt 0.259149 0.922244
vt 0.259707 0.914877
vt 0.260378 0.910737
vt 0.261082 0.910011
vt 0.261748 0.912497
vt 0.262319 0.917735
vt 0.262753 0.925118
vt 0.263024 0.933956
vt 0.263115 0.943526
vt 0.263024 0.953099
vt 0.262753 0.961938
vt 0.262319 0.969319
vt 0.261748 0.974558
vt 0.261082 0.977045
vt 0.236604 0.972007
vt 0.236913 0.976152
vt 0.236347 0.964668
vt 0.236177 0.954803
vt 0.236117 0.943526
vt 0.236177 0.932252
vt 0.236347 0.922389
vt 0.236604 0.915048
vt 0.236913 0.910904
vt 0.237238 0.910149
vt 0.237546 0.912596
vt 0.237811 0.917797
vt 0.238012 0.925150
vt 0.238138 0.933967
vt 0.238180 0.943528
vt 0.238138 0.953087
vt 0.238012 0.961904
vt 0.237811 0.969257
vt 0.237546 0.974460
vt 0.237238 0.976907
vt 0.208542 0.971864
vt 0.207352 0.976066
vt 0.209526 0.964519
vt 0.210177 0.954707
vt 0.210405 0.943524
vt 0.210177 0.932346
vt 0.209526 0.922537
vt 0.208542 0.915190
vt 0.207352 0.910988
vt 0.206095 0.910154
vt 0.204897 0.912530
vt 0.203864 0.917693
vt 0.203076 0.925049
vt 0.202583 0.933905
vt 0.202415 0.943528
vt 0.202583 0.953150
vt 0.203076 0.962006
vt 0.203864 0.969362
vt 0.204897 0.974525
vt 0.206094 0.976902
vt 0.089302 0.971156
vt 0.090823 0.975299
vt 0.088046 0.963969
vt 0.087217 0.954403
vt 0.086928 0.943520
vt 0.087217 0.932646
vt 0.088046 0.923087
vt 0.089302 0.915893
vt 0.090823 0.911751
vt 0.092434 0.910894
vt 0.093974 0.913179
vt 0.095305 0.918209
vt 0.096324 0.925406
vt 0.096960 0.934082
vt 0.097176 0.943527
vt 0.096960 0.952974
vt 0.096323 0.961652
vt 0.095306 0.968844
vt 0.093975 0.973873
vt 0.092435 0.976159
vt 0.078305 0.970273
vt 0.078521 0.974239
vt 0.078126 0.963339
vt 0.078008 0.954077
vt 0.077967 0.943519
vt 0.078008 0.932972
vt 0.078126 0.923716
vt 0.078305 0.916776
vt 0.078521 0.912810
vt 0.078749 0.912028
vt 0.078966 0.914275
vt 0.079154 0.919151
vt 0.079297 0.926095
vt 0.079386 0.934445
vt 0.079416 0.943527
vt 0.079386 0.952610
vt 0.079297 0.960963
vt 0.079154 0.967902
vt 0.078966 0.972778
vt 0.078749 0.975025
vt 0.062565 0.969658
vt 0.061636 0.973527
vt 0.063334 0.962885
vt 0.063844 0.953836
vt 0.064022 0.943519
vt 0.063844 0.933212
vt 0.063335 0.924170
vt 0.062565 0.917391
vt 0.061637 0.913523
vt 0.060656 0.912766
vt 0.059722 0.914969
vt 0.058917 0.919737
vt 0.058303 0.926518
vt 0.057919 0.934667
vt 0.057789 0.943527
vt 0.057919 0.952389
vt 0.058303 0.960539
vt 0.058917 0.967316
vt 0.059721 0.972082
vt 0.060655 0.974286
vt 0.048619 0.969600
vt 0.046581 0.973486
vt 0.050303 0.962827
vt 0.051415 0.953798
vt 0.051805 0.943519
vt 0.051417 0.933250
vt 0.050304 0.924229
vt 0.048618 0.917450
vt 0.046582 0.913563
vt 0.044429 0.912783
vt 0.042374 0.914967
vt 0.040601 0.919725
vt 0.039248 0.926505
vt 0.038403 0.934658
vt 0.038116 0.943527
vt 0.038403 0.952398
vt 0.039248 0.960553
vt 0.040601 0.967327
vt 0.042373 0.972084
vt 0.044427 0.974269
vt 0.036556 0.970157
vt 0.034064 0.974133
vt 0.038614 0.963235
vt 0.039974 0.954014
vt 0.040449 0.943519
vt 0.039975 0.933034
vt 0.038615 0.923821
vt 0.036555 0.916892
vt 0.034066 0.912915
vt 0.031431 0.912115
vt 0.028917 0.914342
vt 0.026748 0.919203
vt 0.025092 0.926132
vt 0.024058 0.934464
vt 0.023706 0.943527
vt 0.024058 0.952592
vt 0.025092 0.960925
vt 0.026747 0.967849
vt 0.028915 0.972708
vt 0.031429 0.974937
vt 0.898089 0.962760
vt 0.900581 0.958784
vt 0.902639 0.951862
vt 0.903999 0.942641
vt 0.904474 0.932146
vt 0.904000 0.921662
vt 0.902641 0.912449
vt 0.900580 0.905519
vt 0.898091 0.901543
vt 0.895457 0.900742
vt 0.892942 0.902970
vt 0.890773 0.907831
vt 0.889117 0.914760
vt 0.888083 0.923091
vt 0.887731 0.932154
vt 0.888083 0.941220
vt 0.889117 0.949553
vt 0.890772 0.956477
vt 0.892941 0.961336
vt 0.895454 0.963565
vn 0.000000 0.000000 1.000000
vn 0.000000 0.000000 1.000000
vn 0.000000 0.000000 1.000000
vn 0.000000 0.000000 1.000000
vn 0.000000 0.000000 1.000000
vn 0.000000 0.000000 1.000000
vn 0.000000 0.000000 1.000000
vn 0.000000 0.000000 1.000000
vn 0.000000 0.000000 1.000000
vn 0.000000 0.000000 1.000000
vn 0.000000 0.000000 1.000000
vn 0.000000 0.000000 1.000000
vn 0.000000 0.000000 1.000000
vn 0.000000 0.000000 1.000000
vn 0.000000 0.000000 1.000000
vn 0.000000 0.000000 1.000000
vn 0.000000 0.000000 1.000000
vn 0.000000 0.000000 1.000000
vn 0.000000 0.000000 1.000000
vn 0.000000 0.000000 1.000000
vn 0.000000 0.000000 1.000000
vn 0.000000 0.000000 1.000000
vn 0.000000 0.000000 1.000000
vn 0.000000 0.000000 1.000000
vn 0.000000 0.000000 1.000000
vn 0.000000 0.000000 1.000000
vn 0.000000 0.000000 1.000000
vn 0.000000 0.000000 1.000000
vn 0.000000 0.000000 1.000000
vn 0.000000 0.000000 1.000000
vn 0.000000 0.000000 1.000000
vn 0.000000 0.000000 1.000000
vn 0.000000 0.000000 1.000000
vn 0.000000 0.000000 1.000000
vn 0.000000 0.000000 1.000000
vn 0.000000 0.000000 1.000000
vn 0.000000 0.000000 1.000000
vn 0.000000 0.000000 1.000000
vn 0.000000 0.000000 1.000000
vn 0.000000 0.000000 1.000000
vn 0.000000 0.000000 1.000000
vn 0.000000 0.000000 1.000000
vn 0.000000 0.000000 1.000000
vn 0.000000 0.000000 1.000000
vn 0.000000 0.000000 1.000000
vn 0.000000 0.000000 1.000000
vn 0.000000 0.000000 1.000000
vn 0.000000 0.000000 1.000000
vn 0.000000 0.000000 1.000000
vn 0.000000 0.000000 1.000000
vn 0.000000 0.000000 1.000000
vn 0.000000 0.000000 1.000000
vn 0.000000 0.000000 1.000000
vn 0.000000 0.000000 1.000000
vn 0.000000 0.000000 1.000000
vn 0.000000 0.000000 1.000000
vn 0.000000 0.000000 1.000000
vn 0.000000 0.000000 1.000000
vn 0.000000 0.000000 1.000000
vn 0.000000 0.000000 1.000000
vn 0.000000 0.000000 1.000000
vn 0.000000 0.000000 1.000000
vn 0.000000 0.000000 1.000000
vn 0.000000 0.000000 1.000000
vn 0.000000 0.000000 1.000000
vn 0.000000 0.000000 1.000000
vn 0.000000 0.000000 1.000000
vn 0.000000 0.000000 1.000000
vn 0.000000 0.000000 1.000000
vn 0.000000 0.000000 1.000000
vn 0.000000 0.000000 1.000000
vn 0.000000 0.000000 1.000000
vn 0.000000 0.000000 1.000000
vn 0.000000 0.000000 1.000000
vn 0.000000 0.000000 1.000000
vn 0.000000 0.000000 1.000000
vn 0.000000 0.000000 1.000000
vn 0.000000 0.000000 1.000000
vn 0.000000 0.000000 1.000000
vn 0.000000 0.000000 1.000000
vn 0.000000 0.000000 1.000000
vn 0.000000 0.000000 1.000000
vn 0.000000 0.000000 1.000000
vn 0.000000 0.000000 1.000000
vn 0.000000 0.000000 1.000000
vn 0.000000 0.000000 1.000000
vn 0.000000 0.000000 1.000000
vn 0.000000 0.000000 1.000000
vn 0.000000 0.000000 1.000000
vn 0.000000 0.000000 1.000000
vn 0.000000 0.000000 1.000000
vn 0.000000 0.000000 1.000000
vn 0.000000 0.000000 1.000000
vn 0.000000 0.000000 1.000000
vn 0.000000 0.000000 1.000000
vn 0.000000 0.000000 1.000000
vn 0.000000 0.000000 1.000000
vn 0.000000 0.000000 1.000000
vn 0.000000 0.000000 1.000000
vn 0.000000 0.000000 1.000000
vn 0.000000 0.000000 1.000000
vn 0.000000 0.000000 1.000000
vn 0.000000 0.000000 1.000000
vn 0.000000 0.000000 1.000000
vn 0.000000 0.000000 1.000000
vn 0.000000 0.000000 1.000000
vn 0.000000 0.000000 1.000000
vn 0.000000 0.000000 1.000000
vn 0.000000 0.000000 1.000000
vn 0.000000 0.000000 1.000000
vn 0.000000 0.000000 1.000000
vn 0.000000 0.000000 1.000000
vn 0.000000 0.000000 1.000000
vn 0.000000 0.000000 1.000000
vn 0.000000 0.000000 1.000000
vn 0.000000 0.000000 1.000000
vn 0.000000 0.000000 1.000000
vn 0.000000 0.000000 1.000000
vn 0.000000 0.000000 1.000000
vn 0.000000 0.000000 1.000000
vn 0.000000 0.000000 1.000000
vn 0.000000 0.000000 1.000000
vn 0.000000 0.000000 1.000000
vn 0.000000 0.000000 1.000000
vn 0.000000 0.000000 1.000000
vn 0.000000 0.000000 1.000000
vn 0.000000 0.000000 1.000000
vn 0.000000 0.000000 1.000000
vn 0.000000 0.000000 1.000000
vn 0.000000 0.000000 1.000000
vn 0.000000 0.000000 1.000000
vn 0.000000 0.000000 1.000000
vn 0.000000 0.000000 1.000000
vn 0.000000 0.000000 1.000000
vn 0.000000 0.000000 1.000000
vn 0.000000 0.000000 1.000000
vn 0.000000 0.000000 1.000000
vn 0.000000 0.000000 1.000000
vn 0.000000 0.000000 1.000000
vn 0.000000 0.000000 1.000000
vn 0.000000 0.000000 1.000000
vn 0.000000 0.000000 1.000000
vn 0.000000 0.000000 1.000000
vn 0.000000 0.000000 1.000000
vn 0.000000 0.000000 1.000000
vn 0.000000 0.000000 1.000000
vn 0.000000 0.000000 1.000000
vn 0.000000 0.000000 1.000000
vn 0.000000 0.000000 1.000000
vn 0.000000 0.000000 1.000000
vn 0.000000 0.000000 1.000000
vn 0.000000 0.000000 1.000000
vn 0.000000 0.000000 1.000000
vn 0.000000 0.000000 1.000000
vn 0.000000 0.000000 1.000000
vn 0.000000 0.000000 1.000000
vn 0.000000 0.000000 1.000000
vn 0.000000 0.000000 1.000000
vn 0.000000 0.000000 1.000000
vn 0.000000 0.000000 1.000000
vn 0.000000 0.000000 1.000000
vn 0.000000 0.000000 1.000000
vn 0.000000 0.000000 1.000000
vn 0.000000 0.000000 1.000000
vn 0.000000 0.000000 1.000000
vn 0.000000 0.000000 1.000000
vn 0.000000 0.000000 1.000000
vn 0.000000 0.000000 1.000000
vn 0.000000 0.000000 1.000000
vn 0.000000 0.000000 1.000000
vn 0.000000 0.000000 1.000000
vn 0.000000 0.000000 1.000000
vn 0.000000 0.000000 1.000000
vn 0.000000 0.000000 1.000000
vn 0.000000 0.000000 1.000000
vn 0.000000 0.000000 1.000000
vn 0.000000 0.000000 1.000000
vn 0.000000 0.000000 1.000000
vn 0.000000 0.000000 1.000000
vn 0.000000 0.000000 1.000000
vn 0.000000 0.000000 1.000000
vn 0.000000 0.000000 1.000000
vn 0.000000 0.000000 1.000000
vn 0.000000 0.000000 1.000000
vn 0.000000 0.000000 1.000000
vn 0.000000 0.000000 1.000000
vn 0.000000 0.000000 1.000000
vn 0.000000 0.000000 1.000000
vn 0.000000 0.000000 1.000000
vn 0.000000 0.000000 1.000000
vn 0.000000 0.000000 1.000000
vn 0.000000 0.000000 1.000000
vn 0.000000 0.000000 1.000000
vn 0.000000 0.000000 1.000000
vn 0.000000 0.000000 1.000000
vn 0.000000 0.000000 1.000000
vn 0.000000 0.000000 1.000000
vn 0.000000 0.000000 1.000000
vn 0.000000 0.000000 1.000000
vn 0.000000 0.000000 1.000000
vn 0.000000 0.000000 1.000000
vn 0.000000 0.000000 1.000000
vn 0.000000 0.000000 1.000000
vn 0.000000 0.000000 1.000000
vn 0.000000 0.000000 1.000000
vn 0.000000 0.000000 1.000000
vn 0.000000 0.000000 1.000000
vn 0.000000 0.000000 1.000000
vn 0.000000 0.000000 1.000000
vn 0.000000 0.000000 1.000000
vn 0.000000 0.000000 1.000000
vn 0.000000 0.000000 1.000000
vn 0.000000 0.000000 1.000000
vn 0.000000 0.000000 1.000000
vn 0.000000 0.000000 1.000000
vn 0.000000 0.000000 1.000000
vn 0.000000 0.000000 1.000000
vn 0.000000 0.000000 1.000000
vn 0.000000 0.000000 1.000000
vn 0.000000 0.000000 1.000000
vn 0.000000 0.000000 1.000000
vn 0.000000 0.000000 1.000000
vn 0.000000 0.000000 1.000000
vn 0.000000 0.000000 1.000000
vn 0.000000 0.000000 1.000000
vn 0.000000 0.000000 1.000000
vn 0.000000 0.000000 1.000000
vn 0.000000 0.000000 1.000000
vn 0.000000 0.000000 1.000000
vn 0.000000 0.000000 1.000000
vn 0.000000 0.000000 1.000000
vn 0.000000 0.000000 1.000000
vn 0.000000 0.000000 1.000000
vn 0.000000 0.000000 1.000000
vn 0.000000 0.000000 1.000000
vn 0.000000 0.000000 1.000000
vn 0.000000 0.000000 1.000000
vn 0.000000 0.000000 1.000000
vn 0.000000 0.000000 1.000000
vn 0.000000 0.000000 1.000000
vn 0.000000 0.000000 1.000000
vn 0.000000 0.000000 1.000000
vn -1.000000 0.000000 0.000000
vn -1.000000 -0.000001 0.000000
vn -1.000000 0.000001 0.000000
vn -1.000000 0.000001 0.000000
vn -1.000000 -0.000001 0.000000
vn -1.000000 0.000000 0.000000
vn -1.000000 -0.000008 0.000000
vn -1.000000 -0.000008 0.000000
vn -1.000000 0.000000 0.000000
vn -1.000000 0.000000 0.000000
vn -1.000000 -0.000005 0.000000
vn -1.000000 -0.000005 0.000000
vn -1.000000 0.000000 0.000000
vn -1.000000 0.000001 0.000000
vn -1.000000 0.000001 0.000000
vn -1.000000 0.000001 0.000000
vn -1.000000 -0.000000 0.000000
vn -1.000000 -0.000000 0.000000
vn -1.000000 -0.000002 0.000000
vn -1.000000 -0.000001 0.000000
vn -1.000000 0.000000 0.000000
vn -1.000000 0.000000 0.000000
vn -1.000000 -0.000000 0.000000
vn -1.000000 -0.000001 0.000000
vn -1.000000 0.000003 0.000000
vn -1.000000 0.000003 0.000000
vn -1.000000 -0.000002 0.000000
vn -1.000000 -0.000001 0.000000
vn -1.000000 -0.000002 0.000000
vn -1.000000 -0.000002 0.000000
vn -1.000000 0.000001 0.000000
vn -1.000000 0.000001 0.000000
vn -1.000000 0.000002 0.000000
vn -1.000000 0.000002 0.000000
vn -1.000000 -0.000002 0.000000
vn -1.000000 -0.000002 0.000000
vn 0.000000 -0.637424 -0.770513
vn 0.000000 -0.728969 -0.684547
vn 0.000000 -0.728969 -0.684547
vn 0.000000 -0.637424 -0.770513
vn 0.000000 -0.809017 -0.587786
vn 0.000000 -0.809017 -0.587786
vn 0.000000 -0.535827 -0.844328
vn 0.000000 -0.535827 -0.844328
vn -1.000000 0.000003 0.000000
vn -1.000000 0.000003 0.000000
vn 0.000000 -0.876307 -0.481753
vn 0.000000 -0.876307 -0.481753
vn 0.000000 -0.425779 -0.904827
vn 0.000000 -0.425779 -0.904827
vn -1.000000 0.000000 0.000000
vn -1.000000 0.000000 0.000000
vn 0.000000 -0.929777 -0.368123
vn 0.000000 -0.929777 -0.368123
vn 0.000000 -0.309017 -0.951056
vn 0.000000 -0.309017 -0.951056
vn 0.000000 -0.968583 -0.248690
vn 0.000000 -0.968583 -0.248690
vn 0.000000 -0.187382 -0.982287
vn 0.000000 -0.187382 -0.982287
vn -1.000000 0.000002 0.000000
vn -1.000000 0.000001 0.000000
vn -1.000000 0.000004 0.000000
vn -1.000000 0.000003 0.000000
vn 0.000000 -0.992115 -0.125333
vn 0.000000 -0.992115 -0.125333
vn -1.000000 0.000003 0.000000
vn -1.000000 0.000004 0.000000
vn -1.000000 -0.000000 0.000000
vn -1.000000 -0.000000 0.000000
vn 0.000000 -0.062791 -0.998027
vn 0.000000 -0.062791 -0.998027
vn -1.000000 0.000004 0.000000
vn -1.000000 0.000005 0.000000
vn 0.000000 -1.000000 0.000002
vn 0.000000 -1.000000 0.000002
vn 0.000000 0.062790 -0.998027
vn 0.000000 0.062790 -0.998027
vn 0.000000 -0.992115 0.125333
vn 0.000000 -0.992115 0.125333
vn -1.000000 -0.000002 0.000000
vn -1.000000 -0.000002 0.000000
vn -1.000000 0.000003 0.000000
vn -1.000000 0.000003 0.000000
vn -1.000000 -0.000002 0.000000
vn -1.000000 -0.000002 0.000000
vn -1.000000 -0.000002 0.000000
vn -1.000000 -0.000002 0.000000
vn 0.000000 0.187381 -0.982287
vn 0.000000 0.187381 -0.982287
vn 0.000000 -0.968584 0.248689
vn 0.000000 -0.968584 0.248689
vn 0.000000 0.309017 -0.951057
vn 0.000000 0.309017 -0.951057
vn -1.000000 0.000003 0.000000
vn -1.000000 0.000003 0.000000
vn -1.000000 0.000002 0.000000
vn -1.000000 0.000002 0.000000
vn -1.000000 0.000001 0.000000
vn -1.000000 0.000001 0.000000
vn -1.000000 -0.000001 0.000000
vn -1.000000 -0.000001 0.000000
vn 0.000000 -0.929776 0.368125
vn 0.000000 -0.929776 0.368125
vn -1.000000 0.000006 0.000000
vn -1.000000 0.000004 0.000000
vn 0.000000 0.425779 -0.904827
vn 0.000000 0.425779 -0.904827
vn -1.000000 0.000000 0.000000
vn -1.000000 0.000000 0.000000
vn -1.000000 0.000001 0.000000
vn -1.000000 0.000001 0.000000
vn 0.000000 -0.876306 0.481755
vn 0.000000 -0.876306 0.481755
vn -1.000000 0.000001 0.000000
vn -1.000000 0.000001 0.000000
vn 0.000000 0.535826 -0.844328
vn 0.000000 0.535826 -0.844328
vn -1.000000 0.000005 0.000000
vn -1.000000 0.000005 0.000000
vn -1.000000 0.000005 0.000000
vn -1.000000 0.000003 0.000000
vn -1.000000 0.000000 0.000000
vn -1.000000 0.000000 0.000000
vn 0.000000 -0.809016 0.587786
vn 0.000000 -0.809016 0.587786
vn -1.000000 0.000000 0.000000
vn -1.000000 0.000000 0.000000
vn -1.000000 0.000002 0.000000
vn -1.000000 0.000002 0.000000
vn -1.000000 -0.000002 0.000000
vn -1.000000 -0.000003 0.000000
vn 0.000000 0.637424 -0.770513
vn 0.000000 0.637424 -0.770513
vn -1.000000 0.000000 0.000000
vn -1.000000 0.000002 0.000000
vn -1.000000 0.000001 0.000000
vn -1.000000 0.000001 0.000000
vn -1.000000 0.000001 0.000000
vn -1.000000 0.000001 0.000000
vn 0.000000 -0.728968 0.684547
vn 0.000000 -0.728968 0.684547
vn -1.000000 -0.000002 0.000000
vn -1.000000 -0.000001 0.000000
vn -1.000000 -0.000001 0.000000
vn -1.000000 -0.000000 0.000000
vn -1.000000 -0.000006 0.000000
vn -1.000000 -0.000006 0.000000
vn -1.000000 -0.000002 0.000000
vn -1.000000 -0.000002 0.000000
vn 0.000000 0.728969 -0.684547
vn 0.000000 0.728969 -0.684547
vn 0.000000 -0.637424 0.770513
vn 0.000000 -0.637424 0.770513
vn 0.000000 0.809017 -0.587786
vn 0.000000 0.809017 -0.587786
vn 1.000000 -0.000003 0.000000
vn 1.000000 -0.000003 0.000000
vn 1.000000 0.000007 0.000000
vn 1.000000 0.000006 0.000000
vn 1.000000 0.000006 0.000000
vn 1.000000 0.000005 0.000000
vn 1.000000 -0.000007 0.000000
vn 1.000000 -0.000006 0.000000
vn 1.000000 -0.000002 0.000000
vn 1.000000 -0.000002 0.000000
vn 1.000000 -0.000003 0.000000
vn 1.000000 -0.000003 0.000000
vn 1.000000 0.000002 0.000000
vn 1.000000 0.000002 0.000000
vn 0.000000 -0.535827 0.844328
vn 0.000000 -0.535827 0.844328
vn 1.000000 0.000001 0.000000
vn 1.000000 0.000001 0.000000
vn 1.000000 0.000000 0.000000
vn 1.000000 0.000000 0.000000
vn 1.000000 0.000000 0.000000
vn 1.000000 0.000001 0.000000
vn 0.000000 0.876307 -0.481753
vn 0.000000 0.876307 -0.481753
vn 1.000000 0.000001 0.000000
vn 1.000000 0.000001 0.000000
vn 1.000000 0.000005 0.000000
vn 1.000000 0.000006 0.000000
vn 1.000000 0.000006 0.000000
vn 1.000000 0.000007 0.000000
vn 0.000000 -0.425779 0.904827
vn 0.000000 -0.425779 0.904827
vn 1.000000 0.000002 0.000000
vn 1.000000 0.000002 0.000000
vn 1.000000 0.000001 0.000000
vn 1.000000 0.000001 0.000000
vn 0.000000 0.929776 -0.368125
vn 0.000000 0.929776 -0.368125
vn 1.000000 0.000001 0.000000
vn 1.000000 0.000001 0.000000
vn 1.000000 -0.000004 0.000000
vn 1.000000 -0.000004 0.000000
vn 1.000000 0.000001 0.000000
vn 1.000000 0.000000 0.000000
vn 0.000000 -0.309017 0.951057
vn 0.000000 -0.309017 0.951057
vn 1.000000 -0.000003 0.000000
vn 1.000000 -0.000004 0.000000
vn 0.000000 0.968583 -0.248692
vn 0.000000 0.968583 -0.248692
vn 1.000000 0.000005 0.000000
vn 1.000000 0.000006 0.000000
vn 0.000000 -0.187381 0.982287
vn 0.000000 -0.187381 0.982287
vn 0.000000 0.992115 -0.125330
vn 0.000000 0.992115 -0.125330
vn 1.000000 0.000001 0.000000
vn 1.000000 0.000000 0.000000
vn 1.000000 -0.000002 0.000000
vn 1.000000 -0.000002 0.000000
vn 1.000000 0.000000 0.000000
vn 1.000000 0.000000 0.000000
vn 1.000000 -0.000008 0.000000
vn 1.000000 -0.000007 0.000000
vn 0.000000 -0.062790 0.998027
vn 0.000000 -0.062790 0.998027
vn 1.000000 -0.000002 0.000000
vn 1.000000 -0.000002 0.000000
vn 0.000000 1.000000 0.000006
vn 0.000000 1.000000 0.000006
vn 0.000000 0.062791 0.998027
vn 0.000000 0.062791 0.998027
vn 0.000000 0.992115 0.125333
vn 0.000000 0.992115 0.125333
vn 1.000000 -0.000009 0.000000
vn 1.000000 -0.000008 0.000000
vn 1.000000 0.000004 0.000000
vn 1.000000 0.000003 0.000000
vn 0.000000 0.187381 0.982287
vn 0.000000 0.187381 0.982287
vn 1.000000 0.000001 0.000000
vn 1.000000 0.000000 0.000000
vn 1.000000 0.000004 0.000000
vn 1.000000 0.000004 0.000000
vn 0.000000 0.968584 0.248689
vn 0.000000 0.968584 0.248689
vn 0.000000 0.309017 0.951056
vn 0.000000 0.309017 0.951056
vn 0.000000 0.929776 0.368125
vn 0.000000 0.929776 0.368125
vn 0.000000 0.425780 0.904827
vn 0.000000 0.425780 0.904827
vn 1.000000 0.000002 0.000000
vn 1.000000 0.000002 0.000000
vn 1.000000 -0.000004 0.000000
vn 1.000000 -0.000004 0.000000
vn 0.000000 0.876307 0.481754
vn 0.000000 0.876307 0.481754
vn 1.000000 0.000010 0.000000
vn 1.000000 0.000010 0.000000
vn 1.000000 0.000001 0.000000
vn 1.000000 0.000001 0.000000
vn 0.000000 0.535827 0.844328
vn 0.000000 0.535827 0.844328
vn 0.000000 0.809017 0.587785
vn 0.000000 0.809017 0.587785
vn 0.000000 0.637424 0.770513
vn 0.000000 0.637424 0.770513
vn 0.000000 0.728968 0.684547
vn 0.000000 0.728968 0.684547
vn 1.000000 -0.000001 0.000000
vn 1.000000 -0.000004 0.000000
vn 1.000000 -0.000001 0.000000
vn 1.000000 -0.000001 0.000000
vn 1.000000 0.000002 0.000000
vn 1.000000 0.000002 0.000000
vn 1.000000 0.000000 0.000000
vn 1.000000 0.000000 0.000000
vn 1.000000 -0.000006 0.000000
vn 1.000000 -0.000007 0.000000
vn 1.000000 -0.000007 0.000000
vn 1.000000 -0.000008 0.000000
vn 1.000000 -0.000001 0.000000
vn 1.000000 -0.000001 0.000000
vn 1.000000 0.000002 0.000000
vn 1.000000 0.000001 0.000000
vn 1.000000 0.000007 0.000000
vn 1.000000 0.000005 0.000000
vn 1.000000 0.000004 0.000000
vn 1.000000 0.000003 0.000000
vn 1.000000 -0.000005 0.000000
vn 1.000000 -0.000003 0.000000
vn 1.000000 0.000002 0.000000
vn 1.000000 0.000002 0.000000
vn 1.000000 -0.000002 0.000000
vn 1.000000 -0.000002 0.000000
vn 1.000000 -0.000009 0.000000
vn 1.000000 -0.000007 0.000000
vn 1.000000 -0.000007 0.000000
vn 1.000000 -0.000006 0.000000
vn 1.000000 -0.000002 0.000000
vn 1.000000 -0.000002 0.000000
vn 1.000000 0.000004 0.000000
vn 1.000000 0.000004 0.000000
vn -1.000000 -0.000008 0.000000
vn -1.000000 0.000008 0.000000
vn -1.000000 0.000004 0.000000
vn -1.000000 0.000000 0.000000
vn -1.000000 0.000000 0.000000
vn -1.000000 -0.000008 0.000000
vn -1.000000 0.000004 0.000000
vn -1.000000 0.000000 0.000000
vn -1.000000 0.000008 0.000000
vn -1.000000 0.000000 0.000000
vn -1.000000 0.000000 0.000000
vn -1.000000 0.000000 0.000000
vn -1.000000 0.000002 0.000000
vn -1.000000 0.000016 0.000000
vn -1.000000 0.000016 0.000000
vn -1.000000 0.000000 0.000000
vn -1.000000 -0.000008 0.000000
vn -1.000000 0.000000 0.000000
vn -1.000000 -0.000008 0.000000
vn 1.000000 0.000016 0.000000
vn 1.000000 -0.000008 0.000000
vn 1.000000 0.000000 0.000000
vn 1.000000 0.000000 0.000000
vn 1.000000 -0.000001 0.000000
vn 1.000000 0.000000 0.000000
vn 1.000000 -0.000008 0.000000
vn 1.000000 0.000000 0.000000
vn 1.000000 -0.000016 0.000000
vn 1.000000 0.000000 0.000000
vn 1.000000 0.000008 0.000000
vn 1.000000 -0.000008 0.000000
vn 1.000000 -0.000004 0.000000
vn 1.000000 -0.000016 0.000000
vn 1.000000 -0.000016 0.000000
vn 1.000000 0.000004 0.000000
vn 1.000000 0.000008 0.000000
vn 1.000000 -0.000004 0.000000
vn 1.000000 0.000008 0.000000
vn -0.000000 0.809043 0.587749
vn -0.000000 0.707164 0.707050
vn -0.000000 0.707164 0.707050
vn 0.000000 0.587810 0.808999
vn 0.000000 0.587810 0.808999
vn -0.000000 0.707164 0.707050
vn -0.000000 0.707164 0.707050
vn -0.000000 0.809043 0.587749
vn -0.000000 0.309004 0.951061
vn -0.000000 0.156424 0.987690
vn -0.000000 0.156424 0.987690
vn 0.000000 -0.000000 1.000000
vn 0.000000 -0.000000 1.000000
vn -0.000000 0.156424 0.987690
vn -0.000000 0.156424 0.987690
vn -0.000000 0.309004 0.951061
vn 0.000000 -0.309013 0.951058
vn 0.000000 -0.453992 0.891006
vn 0.000000 -0.453992 0.891006
vn 0.000000 -0.587806 0.809002
vn 0.000000 -0.587806 0.809002
vn 0.000000 -0.453992 0.891006
vn 0.000000 -0.453992 0.891006
vn 0.000000 -0.309013 0.951058
vn 0.000000 -0.707147 0.707067
vn 0.000000 -0.707147 0.707067
vn 0.000000 -0.809038 0.587756
vn 0.000000 -0.809038 0.587756
vn 0.000000 -0.707147 0.707067
vn 0.000000 -0.707147 0.707067
vn -0.000000 0.587809 -0.808999
vn -0.000000 0.707164 -0.707050
vn -0.000000 0.707164 -0.707050
vn 0.000000 0.809043 -0.587749
vn 0.000000 0.809043 -0.587749
vn -0.000000 0.707164 -0.707050
vn -0.000000 0.707164 -0.707050
vn -0.000000 0.587809 -0.808999
vn 0.000000 -0.891010 0.453983
vn 0.000000 -0.891010 0.453983
vn 0.000000 -0.951058 0.309012
vn 0.000000 -0.951058 0.309012
vn 0.000000 -0.891010 0.453983
vn 0.000000 -0.891010 0.453983
vn -0.000000 -0.987689 0.156433
vn -0.000000 -0.987689 0.156433
vn -0.000000 -1.000000 0.000000
vn -0.000000 -1.000000 0.000000
vn -0.000000 -0.987689 0.156433
vn -0.000000 -0.987689 0.156433
vn 0.000000 0.000000 -1.000000
vn 0.000000 0.156424 -0.987690
vn 0.000000 0.156424 -0.987690
vn 0.000000 0.309004 -0.951061
vn 0.000000 0.309004 -0.951061
vn 0.000000 0.156424 -0.987690
vn 0.000000 0.156424 -0.987690
vn 0.000000 0.000000 -1.000000
vn 0.000000 -0.987688 -0.156433
vn 0.000000 -0.987688 -0.156433
vn -0.000000 -0.951058 -0.309012
vn -0.000000 -0.951058 -0.309012
vn 0.000000 -0.987688 -0.156433
vn 0.000000 -0.987688 -0.156433
vn -0.000000 -0.587806 -0.809002
vn 0.000000 -0.453992 -0.891005
vn 0.000000 -0.453992 -0.891005
vn -0.000000 -0.309013 -0.951058
vn -0.000000 -0.309013 -0.951058
vn 0.000000 -0.453992 -0.891005
vn 0.000000 -0.453992 -0.891005
vn -0.000000 -0.587806 -0.809002
vn -0.000000 -0.891010 -0.453983
vn -0.000000 -0.891010 -0.453983
vn -0.000000 -0.809038 -0.587756
vn -0.000000 -0.809038 -0.587756
vn -0.000000 -0.891010 -0.453983
vn -0.000000 -0.891010 -0.453983
vn -0.000000 -0.707147 -0.707066
vn -0.000000 -0.707147 -0.707066
vn -0.000000 -0.707147 -0.707066
vn -0.000000 -0.707147 -0.707066
vn -0.000000 0.951056 0.309018
vn -0.000000 0.891005 0.453994
vn -0.000000 0.891005 0.453994
vn -0.000000 0.891005 0.453994
vn -0.000000 0.891005 0.453994
vn -0.000000 0.891005 0.453994
vn -0.000000 0.891005 0.453994
vn -0.000000 0.951056 0.309018
vn 0.000000 0.453984 0.891010
vn 0.000000 0.453984 0.891010
vn 0.000000 0.453984 0.891010
vn 0.000000 0.453984 0.891010
vn 0.000000 0.453984 0.891010
vn 0.000000 0.453984 0.891010
vn 0.000000 1.000000 0.000000
vn 0.000000 0.987689 0.156433
vn 0.000000 0.987689 0.156433
vn 0.000000 0.987689 0.156433
vn 0.000000 0.987689 0.156433
vn 0.000000 0.987689 0.156433
vn 0.000000 0.987689 0.156433
vn 0.000000 1.000000 0.000000
vn 0.000000 -0.156430 0.987689
vn 0.000000 -0.156430 0.987689
vn 0.000000 -0.156430 0.987689
vn 0.000000 -0.156430 0.987689
vn 0.000000 -0.156430 0.987689
vn 0.000000 -0.156430 0.987689
vn 0.000000 0.891005 -0.453994
vn 0.000000 0.891005 -0.453994
vn 0.000000 0.891005 -0.453994
vn 0.000000 0.951056 -0.309018
vn 0.000000 0.951056 -0.309018
vn 0.000000 0.891005 -0.453994
vn 0.000000 0.891005 -0.453994
vn 0.000000 0.891005 -0.453994
vn 0.000000 0.453984 -0.891010
vn 0.000000 0.453984 -0.891010
vn 0.000000 0.453984 -0.891010
vn 0.000000 0.453984 -0.891010
vn 0.000000 0.453984 -0.891010
vn 0.000000 0.453984 -0.891010
vn -0.000000 -0.156430 -0.987689
vn -0.000000 -0.156430 -0.987689
vn -0.000000 -0.156430 -0.987689
vn -0.000000 -0.156430 -0.987689
vn -0.000000 -0.156430 -0.987689
vn -0.000000 -0.156430 -0.987689
vn 0.000000 0.987689 -0.156433
vn 0.000000 0.987689 -0.156433
vn 0.000000 0.987689 -0.156433
vn 0.000000 0.987689 -0.156433
vn 0.000000 0.987689 -0.156433
vn 0.000000 0.987689 -0.156433
vn 0.000000 0.987689 -0.156433
vn 0.000000 0.987689 -0.156433
vn 0.000000 0.951057 -0.309014
vn 0.000000 0.809037 -0.587758
vn -0.000339 0.808925 -0.587912
vn -0.000110 0.951051 -0.309033
vn 0.000000 0.587805 -0.809003
vn -0.000621 0.587611 -0.809143
vn 0.000000 0.309012 -0.951058
vn -0.000849 0.308860 -0.951107
vn 0.000000 0.000000 -1.000000
vn -0.000936 0.000000 -1.000000
vn 0.000000 -0.308999 -0.951062
vn -0.000849 -0.308848 -0.951111
vn 0.000000 -0.587810 -0.808999
vn -0.000620 -0.587615 -0.809141
vn 0.000000 -0.809046 -0.587745
vn -0.000337 -0.808934 -0.587900
vn 0.000000 -0.951057 -0.309015
vn -0.000110 -0.951052 -0.309032
vn 0.000000 -1.000000 0.000000
vn -0.000023 -1.000000 0.000215
vn 0.000000 -0.951057 0.309015
vn -0.000110 -0.950925 0.309423
vn 0.000000 -0.809046 0.587745
vn -0.000336 -0.808729 0.588181
vn 0.000000 -0.587809 0.808999
vn -0.000614 -0.587414 0.809286
vn 0.000000 -0.309000 0.951062
vn -0.000836 -0.308727 0.951150
vn 0.000000 0.000000 1.000000
vn -0.000921 -0.000000 1.000000
vn 0.000000 0.309012 0.951058
vn -0.000836 0.308738 0.951147
vn 0.000000 0.587805 0.809003
vn -0.000612 0.587411 0.809289
vn 0.000000 0.809037 0.587757
vn -0.000335 0.808722 0.588191
vn 0.000000 0.951057 0.309015
vn -0.000110 0.950925 0.309422
vn 0.000000 1.000000 0.000000
vn -0.000024 1.000000 0.000215
vn 1.000000 0.000000 0.000004
vn 1.000000 0.000000 0.000002
vn 1.000000 0.000004 -0.000000
vn 1.000000 0.000000 0.000005
vn 1.000000 0.000000 0.000006
vn 1.000000 0.000000 0.000006
vn 1.000000 0.000018 0.000006
vn 1.000000 0.000018 0.000005
vn 1.000000 0.000009 0.000004
vn 1.000000 0.000009 0.000002
vn 1.000000 0.000000 0.000000
vn 1.000000 0.000018 -0.000002
vn 1.000000 0.000018 -0.000004
vn 1.000000 0.000000 -0.000005
vn 1.000000 0.000018 -0.000006
vn 1.000000 0.000018 -0.000006
vn 1.000000 -0.000018 -0.000006
vn 1.000000 -0.000000 -0.000005
vn 1.000000 0.000000 -0.000004
vn 1.000000 -0.000018 -0.000002
vn 1.000000 0.000000 0.000000
vn 0.955182 -0.000044 -0.296018
vn 0.955204 -0.000099 -0.295947
vn 0.955194 -0.000015 -0.295981
vn 0.955210 -0.000100 -0.295930
vn 0.955189 0.000054 -0.295997
vn 0.955180 -0.000036 -0.296025
vn 0.955188 -0.000199 -0.296001
vn 0.955232 0.000021 -0.295858
vn 0.955236 0.000125 -0.295846
vn 0.955180 0.000013 -0.296026
vn 0.955177 -0.000005 -0.296034
vn 0.955210 -0.000014 -0.295930
vn 0.955209 -0.000023 -0.295933
vn 0.955186 0.000080 -0.296008
vn 0.955177 0.000127 -0.296034
vn 0.955182 -0.000054 -0.296020
vn 0.955188 -0.000126 -0.295999
vn 0.955214 0.000038 -0.295915
vn 0.955197 0.000044 -0.295970
vn 0.955163 -0.000050 -0.296082
vn 0.955171 -0.000048 -0.296054
vn 0.033676 0.814140 -0.579692
vn 0.019656 0.954925 -0.296196
vn 0.040830 0.591757 -0.805082
vn 0.043340 0.310929 -0.949445
vn 0.043797 -0.000000 -0.999040
vn 0.043337 -0.310918 -0.949448
vn 0.040829 -0.591737 -0.805096
vn 0.033676 -0.814148 -0.579680
vn 0.019656 -0.954930 -0.296178
vn -0.001467 -0.999875 0.015760
vn -0.027475 -0.945672 0.323960
vn -0.054384 -0.799688 0.597947
vn -0.077673 -0.577978 0.812348
vn -0.093385 -0.302781 0.948474
vn -0.098922 0.000001 0.995095
vn -0.093385 0.302783 0.948473
vn -0.077671 0.577991 0.812338
vn -0.054380 0.799707 0.597922
vn -0.027477 0.945676 0.323948
vn -0.001470 0.999875 0.015762
vn 0.182727 0.804277 -0.565464
vn 0.100457 0.952918 -0.286105
vn 0.230859 0.576013 -0.784164
vn 0.251456 0.298616 -0.920651
vn 0.256405 0.000001 -0.966569
vn 0.251459 -0.298601 -0.920655
vn 0.230845 -0.576008 -0.784172
vn 0.182706 -0.804279 -0.565468
vn 0.100445 -0.952919 -0.286107
vn -0.009985 -0.999745 0.020256
vn -0.131955 -0.939573 0.315897
vn -0.245838 -0.785050 0.568559
vn -0.335915 -0.559920 0.757398
vn -0.392751 -0.290398 0.872592
vn -0.412079 0.000005 0.911148
vn -0.392759 0.290387 0.872591
vn -0.335919 0.559926 0.757391
vn -0.245843 0.785067 0.568534
vn -0.131969 0.939567 0.315908
vn -0.009983 0.999745 0.020268
vn 0.407922 0.799981 -0.440033
vn 0.209444 0.952223 -0.222270
vn 0.553912 0.570759 -0.606148
vn 0.640807 0.295596 -0.708512
vn 0.337930 0.000004 -0.941171
vn 0.640799 -0.295620 -0.708509
vn 0.553880 -0.570807 -0.606132
vn 0.407934 -0.799967 -0.440049
vn 0.209449 -0.952218 -0.222286
vn -0.020413 -0.999545 0.022215
vn -0.248388 -0.933351 0.259153
vn -0.442926 -0.770719 0.458049
vn -0.585466 -0.542776 0.602183
vn -0.670482 -0.278889 0.687514
vn -0.698550 -0.000005 0.715561
vn -0.670483 0.278881 0.687516
vn -0.585462 0.542789 0.602175
vn -0.442944 0.770705 0.458054
vn -0.248438 0.933324 0.259201
vn -0.020414 0.999544 0.022227
vn 0.550752 0.765472 -0.332752
vn 0.296328 0.938908 -0.175047
vn 0.721907 0.528676 -0.446488
vn 0.815688 0.267373 -0.512996
vn 0.801464 0.000026 -0.598043
vn 0.845050 0.000033 -0.534687
vn 0.815673 -0.267434 -0.512988
vn 0.721879 -0.528736 -0.446464
vn 0.550794 -0.765436 -0.332766
vn 0.296333 -0.938906 -0.175047
vn -0.016495 -0.999838 0.007227
vn -0.327927 -0.927475 0.179597
vn -0.581561 -0.750444 0.314040
vn -0.755320 -0.516914 0.402855
vn -0.853132 -0.261443 0.451457
vn -0.884394 -0.000001 0.466741
vn -0.853128 0.261452 0.451459
vn -0.755316 0.516919 0.402856
vn -0.581604 0.750397 0.314073
vn -0.328000 0.927440 0.179643
vn -0.016503 0.999838 0.007230
vn 0.645759 0.759917 -0.074304
vn 0.350170 0.935880 -0.038867
vn 0.846458 0.523362 -0.097984
vn 0.958047 0.264305 -0.110851
vn 0.878622 0.000042 -0.477518
vn 0.958026 -0.264379 -0.110860
vn 0.846402 -0.523455 -0.097967
vn 0.645877 -0.759818 -0.074293
vn 0.350136 -0.935893 -0.038855
vn -0.012122 -0.999916 0.004603
vn -0.370311 -0.927704 0.047277
vn -0.658042 -0.748547 0.081595
vn -0.851501 -0.513731 0.105012
vn -0.958614 -0.259014 0.118197
vn -0.992482 0.000016 0.122387
vn -0.958611 0.259029 0.118187
vn -0.851514 0.513706 0.105021
vn -0.658057 0.748532 0.081613
vn -0.370370 0.927680 0.047284
vn -0.012056 0.999917 0.004591
vn 0.661297 0.749712 -0.024846
vn 0.367148 0.930068 -0.013233
vn 0.857544 0.513327 -0.033371
vn 0.965296 0.258319 -0.038412
vn 0.999436 0.000073 -0.033575
vn 0.999197 0.000075 -0.040062
vn 0.965278 -0.258387 -0.038404
vn 0.857480 -0.513434 -0.033360
vn 0.661432 -0.749593 -0.024840
vn 0.367110 -0.930084 -0.013215
vn -0.000013 -1.000000 -0.000184
vn -0.366858 -0.930206 0.011452
vn -0.661399 -0.749774 0.019733
vn -0.857862 -0.513291 0.024590
vn -0.965707 -0.258231 0.026950
vn -0.999618 0.000022 0.027631
vn -0.965704 0.258242 0.026948
vn -0.857883 0.513257 0.024592
vn -0.661399 0.749775 0.019733
vn -0.366911 0.930185 0.011448
vn 0.000087 1.000000 -0.000199
vn 0.652713 0.754856 0.064491
vn 0.348896 0.936216 0.042072
vn 0.854854 0.514143 0.069864
vn 0.964028 0.257128 0.067345
vn 0.997860 0.000094 0.065394
vn 0.964003 -0.257225 0.067335
vn 0.854769 -0.514285 0.069859
vn 0.652922 -0.754672 0.064521
vn 0.348827 -0.936242 0.042074
vn -0.023520 -0.999723 0.000132
vn -0.384104 -0.921840 -0.051727
vn -0.666449 -0.738906 -0.099321
vn -0.852660 -0.504942 -0.134177
vn -0.954788 -0.253939 -0.154582
vn -0.986918 0.000036 -0.161223
vn -0.954785 0.253951 -0.154581
vn -0.852690 0.504892 -0.134178
vn -0.666416 0.738936 -0.099319
vn -0.384156 0.921817 -0.051745
vn -0.023391 0.999726 0.000143
vn 0.600116 0.765919 0.230714
vn 0.311101 0.941496 0.129622
vn 0.800406 0.525139 0.289101
vn 0.911723 0.263448 0.315209
vn 0.946707 0.000121 0.322097
vn 0.911699 -0.263539 0.315201
vn 0.800307 -0.525310 0.289064
vn 0.600315 -0.765738 0.230797
vn 0.311052 -0.941513 0.129612
vn -0.029073 -0.999552 -0.007118
vn -0.351437 -0.923898 -0.151342
vn -0.605162 -0.747253 -0.274576
vn -0.776099 -0.515883 -0.362678
vn -0.871957 -0.261318 -0.414010
vn -0.902498 0.000044 -0.430694
vn -0.871952 0.261331 -0.414013
vn -0.776129 0.515831 -0.362688
vn -0.605122 0.747289 -0.274566
vn -0.351475 0.923877 -0.151379
vn -0.028988 0.999555 -0.007089
vn 0.460764 0.791412 0.401700
vn 0.230628 0.949935 0.210794
vn 0.633553 0.557796 0.536166
vn 0.737279 0.285667 0.612221
vn 0.771424 0.000166 0.636322
vn 0.737264 -0.285758 0.612197
vn 0.633448 -0.558006 0.536071
vn 0.460927 -0.791230 0.401873
vn 0.230584 -0.949948 0.210783
vn -0.027096 -0.999505 -0.015988
vn -0.271333 -0.931533 -0.242126
vn -0.471470 -0.767000 -0.435232
vn -0.613727 -0.539168 -0.576747
vn -0.697188 -0.276517 -0.661414
vn -0.724440 0.000047 -0.689338
vn -0.697185 0.276526 -0.661413
vn -0.613750 0.539123 -0.576764
vn -0.471429 0.767042 -0.435203
vn -0.271369 0.931510 -0.242174
vn -0.027045 0.999507 -0.015945
vn 0.010430 0.807422 0.589882
vn 0.005615 0.955238 0.295785
vn 0.013383 0.579498 0.814864
vn 0.583757 0.299632 0.754618
vn 0.612968 0.000194 0.790107
vn 0.583736 -0.299732 0.754594
vn 0.013367 -0.579695 0.814724
vn 0.010423 -0.807261 0.590103
vn 0.005611 -0.955251 0.295743
vn -0.000962 -0.999410 -0.034342
vn -0.008531 -0.934537 -0.355763
vn -0.015964 -0.775939 -0.630606
vn -0.022108 -0.550256 -0.834703
vn -0.026118 -0.283871 -0.958507
vn -0.581430 0.000051 -0.813596
vn -0.026124 0.283872 -0.958506
vn -0.022107 0.550364 -0.834632
vn -0.015960 0.775979 -0.630557
vn -0.008536 0.934481 -0.355910
vn -0.000962 0.999411 -0.034289
vn -0.012970 0.771646 0.635919
vn -0.007344 0.932862 0.360159
vn -0.017106 0.544893 0.838331
vn -0.019477 0.297617 0.954487
vn -0.019584 0.280318 0.959707
vn -0.020401 0.000267 0.999792
vn -0.020401 0.000264 0.999792
vn -0.019486 -0.297496 0.954524
vn -0.019592 -0.280164 0.959752
vn -0.017117 -0.545082 0.838208
vn -0.012983 -0.771526 0.636065
vn -0.007349 -0.932833 0.360233
vn -0.000695 -0.999419 0.034075
vn 0.006107 -0.954104 -0.299412
vn 0.012130 -0.803664 -0.594960
vn 0.016685 -0.574366 -0.818428
vn 0.019468 -0.297296 -0.954587
vn 0.020392 -0.000061 -0.999792
vn 0.020392 -0.000060 -0.999792
vn 0.019462 0.297319 -0.954580
vn 0.016683 0.574487 -0.818343
vn 0.012133 0.803665 -0.594958
vn 0.006109 0.954052 -0.299579
vn -0.000699 0.999413 0.034245
s 1
g pPlane4
usemtl initialShadingGroup
f 1/1/1 2/2/2 13/13/3 12/12/4
f 2/2/2 3/3/5 14/14/6 13/13/3
f 3/3/5 4/4/7 15/15/8 14/14/6
f 4/4/7 5/5/9 16/16/10 15/15/8
f 5/5/9 6/6/11 17/17/12 16/16/10
f 6/6/11 7/7/13 18/18/14 17/17/12
f 7/7/13 8/8/15 19/19/16 18/18/14
f 8/8/15 9/9/17 20/20/18 19/19/16
f 9/9/17 10/10/19 21/21/20 20/20/18
f 10/10/19 11/11/21 22/22/22 21/21/20
f 12/12/4 13/13/3 24/24/23 23/23/24
f 13/13/3 14/14/6 25/25/25 24/24/23
f 14/14/6 15/15/8 26/26/26 25/25/25
f 15/15/8 16/16/10 27/27/27 26/26/26
f 16/16/10 17/17/12 28/28/28 27/27/27
f 17/17/12 18/18/14 29/29/29 28/28/28
f 18/18/14 19/19/16 30/30/30 29/29/29
f 19/19/16 20/20/18 31/31/31 30/30/30
f 20/20/18 21/21/20 32/32/32 31/31/31
f 21/21/20 22/22/22 33/33/33 32/32/32
f 23/23/24 24/24/23 35/35/34 34/34/35
f 24/24/23 25/25/25 36/36/36 35/35/34
f 25/25/25 26/26/26 37/37/37 36/36/36
f 26/26/26 27/27/27 38/38/38 37/37/37
f 27/27/27 28/28/28 39/39/39 38/38/38
f 28/28/28 29/29/29 40/40/40 39/39/39
f 29/29/29 30/30/30 41/41/41 40/40/40
f 30/30/30 31/31/31 42/42/42 41/41/41
f 31/31/31 32/32/32 43/43/43 42/42/42
f 32/32/32 33/33/33 44/44/44 43/43/43
f 34/34/35 35/35/34 46/46/45 45/45/46
f 35/35/34 36/36/36 47/47/47 46/46/45
f 36/36/36 37/37/37 48/48/48 47/47/47
f 37/37/37 38/38/38 49/49/49 48/48/48
f 38/38/38 39/39/39 50/50/50 49/49/49
f 39/39/39 40/40/40 51/51/51 50/50/50
f 40/40/40 41/41/41 52/52/52 51/51/51
f 41/41/41 42/42/42 53/53/53 52/52/52
f 42/42/42 43/43/43 54/54/54 53/53/53
f 43/43/43 44/44/44 55/55/55 54/54/54
f 45/45/46 46/46/45 57/57/56 56/56/57
f 46/46/45 47/47/47 58/58/58 57/57/56
f 47/47/47 48/48/48 59/59/59 58/58/58
f 48/48/48 49/49/49 60/60/60 59/59/59
f 49/49/49 50/50/50 61/61/61 60/60/60
f 50/50/50 51/51/51 62/62/62 61/61/61
f 51/51/51 52/52/52 63/63/63 62/62/62
f 52/52/52 53/53/53 64/64/64 63/63/63
f 53/53/53 54/54/54 65/65/65 64/64/64
f 54/54/54 55/55/55 66/66/66 65/65/65
f 56/56/57 57/57/56 68/68/67 67/67/68
f 57/57/56 58/58/58 69/69/69 68/68/67
f 58/58/58 59/59/59 70/70/70 69/69/69
f 59/59/59 60/60/60 71/71/71 70/70/70
f 60/60/60 61/61/61 72/72/72 71/71/71
f 61/61/61 62/62/62 73/73/73 72/72/72
f 62/62/62 63/63/63 74/74/74 73/73/73
f 63/63/63 64/64/64 75/75/75 74/74/74
f 64/64/64 65/65/65 76/76/76 75/75/75
f 65/65/65 66/66/66 77/77/77 76/76/76
f 67/67/68 68/68/67 79/79/78 78/78/79
f 68/68/67 69/69/69 80/80/80 79/79/78
f 69/69/69 70/70/70 81/81/81 80/80/80
f 70/70/70 71/71/71 82/82/82 81/81/81
f 71/71/71 72/72/72 83/83/83 82/82/82
f 72/72/72 73/73/73 84/84/84 83/83/83
f 73/73/73 74/74/74 85/85/85 84/84/84
f 74/74/74 75/75/75 86/86/86 85/85/85
f 75/75/75 76/76/76 87/87/87 86/86/86
f 76/76/76 77/77/77 88/88/88 87/87/87
f 78/78/79 79/79/78 90/90/89 89/89/90
f 79/79/78 80/80/80 91/91/91 90/90/89
f 80/80/80 81/81/81 92/92/92 91/91/91
f 81/81/81 82/82/82 93/93/93 92/92/92
f 82/82/82 83/83/83 94/94/94 93/93/93
f 83/83/83 84/84/84 95/95/95 94/94/94
f 84/84/84 85/85/85 96/96/96 95/95/95
f 85/85/85 86/86/86 97/97/97 96/96/96
f 86/86/86 87/87/87 98/98/98 97/97/97
f 87/87/87 88/88/88 99/99/99 98/98/98
f 89/89/90 90/90/89 101/101/100 100/100/101
f 90/90/89 91/91/91 102/102/102 101/101/100
f 91/91/91 92/92/92 103/103/103 102/102/102
f 92/92/92 93/93/93 104/104/104 103/103/103
f 93/93/93 94/94/94 105/105/105 104/104/104
f 94/94/94 95/95/95 106/106/106 105/105/105
f 95/95/95 96/96/96 107/107/107 106/106/106
f 96/96/96 97/97/97 108/108/108 107/107/107
f 97/97/97 98/98/98 109/109/109 108/108/108
f 98/98/98 99/99/99 110/110/110 109/109/109
f 100/100/101 101/101/100 112/112/111 111/111/112
f 101/101/100 102/102/102 113/113/113 112/112/111
f 102/102/102 103/103/103 114/114/114 113/113/113
f 103/103/103 104/104/104 115/115/115 114/114/114
f 104/104/104 105/105/105 116/116/116 115/115/115
f 105/105/105 106/106/106 117/117/117 116/116/116
f 106/106/106 107/107/107 118/118/118 117/117/117
f 107/107/107 108/108/108 119/119/119 118/118/118
f 108/108/108 109/109/109 120/120/120 119/119/119
f 109/109/109 110/110/110 121/121/121 120/120/120
s 2
f 122/122/122 123/123/123 134/124/124 133/125/125
f 123/123/123 124/126/126 135/127/127 134/124/124
f 124/126/126 125/128/128 136/129/129 135/127/127
f 125/128/128 126/130/130 137/131/131 136/129/129
f 126/130/130 127/132/132 138/133/133 137/131/131
f 127/132/132 128/134/134 139/135/135 138/133/133
f 128/134/134 129/136/136 140/137/137 139/135/135
f 129/136/136 130/138/138 141/139/139 140/137/137
f 130/138/138 131/140/140 142/141/141 141/139/139
f 131/140/140 132/142/142 143/143/143 142/141/141
f 133/125/125 134/124/124 145/144/144 144/145/145
f 134/124/124 135/127/127 146/146/146 145/144/144
f 135/127/127 136/129/129 147/147/147 146/146/146
f 136/129/129 137/131/131 148/148/148 147/147/147
f 137/131/131 138/133/133 149/149/149 148/148/148
f 138/133/133 139/135/135 150/150/150 149/149/149
f 139/135/135 140/137/137 151/151/151 150/150/150
f 140/137/137 141/139/139 152/152/152 151/151/151
f 141/139/139 142/141/141 153/153/153 152/152/152
f 142/141/141 143/143/143 154/154/154 153/153/153
f 144/145/145 145/144/144 156/155/155 155/156/156
f 145/144/144 146/146/146 157/157/157 156/155/155
f 146/146/146 147/147/147 158/158/158 157/157/157
f 147/147/147 148/148/148 159/159/159 158/158/158
f 148/148/148 149/149/149 160/160/160 159/159/159
f 149/149/149 150/150/150 161/161/161 160/160/160
f 150/150/150 151/151/151 162/162/162 161/161/161
f 151/151/151 152/152/152 163/163/163 162/162/162
f 152/152/152 153/153/153 164/164/164 163/163/163
f 153/153/153 154/154/154 165/165/165 164/164/164
f 155/156/156 156/155/155 167/166/166 166/167/167
f 156/155/155 157/157/157 168/168/168 167/166/166
f 157/157/157 158/158/158 169/169/169 168/168/168
f 158/158/158 159/159/159 170/170/170 169/169/169
f 159/159/159 160/160/160 171/171/171 170/170/170
f 160/160/160 161/161/161 172/172/172 171/171/171
f 161/161/161 162/162/162 173/173/173 172/172/172
f 162/162/162 163/163/163 174/174/174 173/173/173
f 163/163/163 164/164/164 175/175/175 174/174/174
f 164/164/164 165/165/165 176/176/176 175/175/175
f 166/167/167 167/166/166 178/177/177 177/178/178
f 167/166/166 168/168/168 179/179/179 178/177/177
f 168/168/168 169/169/169 180/180/180 179/179/179
f 169/169/169 170/170/170 181/181/181 180/180/180
f 170/170/170 171/171/171 182/182/182 181/181/181
f 171/171/171 172/172/172 183/183/183 182/182/182
f 172/172/172 173/173/173 184/184/184 183/183/183
f 173/173/173 174/174/174 185/185/185 184/184/184
f 174/174/174 175/175/175 186/186/186 185/185/185
f 175/175/175 176/176/176 187/187/187 186/186/186
f 177/178/178 178/177/177 189/188/188 188/189/189
f 178/177/177 179/179/179 190/190/190 189/188/188
f 179/179/179 180/180/180 191/191/191 190/190/190
f 180/180/180 181/181/181 192/192/192 191/191/191
f 181/181/181 182/182/182 193/193/193 192/192/192
f 182/182/182 183/183/183 194/194/194 193/193/193
f 183/183/183 184/184/184 195/195/195 194/194/194
f 184/184/184 185/185/185 196/196/196 195/195/195
f 185/185/185 186/186/186 197/197/197 196/196/196
f 186/186/186 187/187/187 198/198/198 197/197/197
f 188/189/189 189/188/188 200/199/199 199/200/200
f 189/188/188 190/190/190 201/201/201 200/199/199
f 190/190/190 191/191/191 202/202/202 201/201/201
f 191/191/191 192/192/192 203/203/203 202/202/202
f 192/192/192 193/193/193 204/204/204 203/203/203
f 193/193/193 194/194/194 205/205/205 204/204/204
f 194/194/194 195/195/195 206/206/206 205/205/205
f 195/195/195 196/196/196 207/207/207 206/206/206
f 196/196/196 197/197/197 208/208/208 207/207/207
f 197/197/197 198/198/198 209/209/209 208/208/208
f 199/200/200 200/199/199 211/210/210 210/211/211
f 200/199/199 201/201/201 212/212/212 211/210/210
f 201/201/201 202/202/202 213/213/213 212/212/212
f 202/202/202 203/203/203 214/214/214 213/213/213
f 203/203/203 204/204/204 215/215/215 214/214/214
f 204/204/204 205/205/205 216/216/216 215/215/215
f 205/205/205 206/206/206 217/217/217 216/216/216
f 206/206/206 207/207/207 218/218/218 217/217/217
f 207/207/207 208/208/208 219/219/219 218/218/218
f 208/208/208 209/209/209 220/220/220 219/219/219
f 210/211/211 211/210/210 222/221/221 221/222/222
f 211/210/210 212/212/212 223/223/223 222/221/221
f 212/212/212 213/213/213 224/224/224 223/223/223
f 213/213/213 214/214/214 225/225/225 224/224/224
f 214/214/214 215/215/215 226/226/226 225/225/225
f 215/215/215 216/216/216 227/227/227 226/226/226
f 216/216/216 217/217/217 228/228/228 227/227/227
f 217/217/217 218/218/218 229/229/229 228/228/228
f 218/218/218 219/219/219 230/230/230 229/229/229
f 219/219/219 220/220/220 231/231/231 230/230/230
f 221/222/222 222/221/221 233/232/232 232/233/233
f 222/221/221 223/223/223 234/234/234 233/232/232
f 223/223/223 224/224/224 235/235/235 234/234/234
f 224/224/224 225/225/225 236/236/236 235/235/235
f 225/225/225 226/226/226 237/237/237 236/236/236
f 226/226/226 227/227/227 238/238/238 237/237/237
f 227/227/227 228/228/228 239/239/239 238/238/238
f 228/228/228 229/229/229 240/240/240 239/239/239
f 229/229/229 230/230/230 241/241/241 240/240/240
f 230/230/230 231/231/231 242/242/242 241/241/241
s 3
f 243/243/243 244/244/244 245/245/245 246/246/246
f 247/247/247 248/248/248 249/249/249 250/250/250
f 246/246/246 245/245/245 251/251/251 252/252/252
f 253/253/253 254/254/254 255/255/255 256/256/256
f 257/257/257 258/258/258 259/259/259 260/260/260
f 261/261/261 262/262/262 254/254/254 253/253/253
f 260/260/260 259/259/259 263/263/263 264/264/264
f 265/265/265 266/266/266 267/267/267 268/268/268
f 269/269/269 270/270/270 271/271/271 272/272/272
f 272/272/272 271/271/271 273/273/273 274/274/274
f 275/275/275 276/276/276 277/277/277 278/278/278
s 8
f 279/279/279 280/280/280 244/281/281 249/282/282
f 280/280/280 281/283/283 245/284/284 244/281/281
f 282/285/285 279/279/279 249/282/282 248/286/286
s 3
f 274/274/274 273/273/273 283/287/287 284/288/288
s 8
f 281/283/283 285/289/289 251/290/290 245/284/284
f 286/291/291 282/292/285 248/293/286 255/294/292
s 3
f 287/295/293 288/296/294 276/276/276 275/275/275
s 8
f 285/289/289 289/297/295 258/298/296 251/290/290
f 290/299/297 286/291/291 255/294/292 254/300/298
f 289/297/295 291/301/299 259/302/300 258/298/296
f 292/303/301 290/299/297 254/300/298 262/304/302
s 3
f 293/305/303 294/306/304 295/307/305 296/308/306
s 8
f 291/301/299 297/309/307 263/310/308 259/302/300
s 3
f 298/311/309 299/312/310 300/313/311 301/314/312
s 8
f 302/315/313 292/303/301 262/304/302 267/316/314
s 3
f 296/308/306 295/307/305 303/317/315 304/318/316
s 8
f 297/309/307 305/319/317 270/320/318 263/310/308
f 306/321/319 302/315/313 267/316/314 266/322/320
f 305/319/317 307/323/321 271/324/322 270/320/318
s 3
f 308/325/323 309/326/324 310/327/325 311/328/326
f 312/329/327 313/330/328 314/331/329 315/332/330
s 8
f 316/333/331 306/321/319 266/322/320 277/334/332
f 307/323/321 317/335/333 273/336/334 271/324/322
f 318/337/335 316/333/331 277/334/332 276/338/336
s 3
f 319/339/337 320/340/338 321/341/339 322/342/340
f 323/343/341 324/344/342 325/345/343 326/346/344
s 8
f 317/335/333 327/347/345 283/348/346 273/336/334
s 3
f 326/346/344 325/345/343 328/349/347 329/350/348
s 8
f 330/351/349 318/337/335 276/338/336 288/352/350
s 3
f 331/353/351 332/354/352 333/355/353 334/356/354
s 8
f 327/347/345 335/357/355 294/358/356 283/348/346
s 3
f 336/359/357 337/360/358 332/354/352 331/353/351
s 8
f 338/361/359 330/351/349 288/352/350 300/362/360
s 3
f 339/363/361 340/364/362 341/365/363 342/366/364
f 343/367/365 344/368/366 337/360/358 336/359/357
s 8
f 335/357/355 345/369/367 295/370/368 294/358/356
s 3
f 346/371/369 347/372/370 344/368/366 343/367/365
f 348/373/371 349/374/372 350/375/373 351/376/374
s 8
f 352/377/375 338/378/359 300/379/360 299/380/376
s 3
f 351/376/374 350/375/373 353/381/377 354/382/378
f 355/383/379 356/384/380 357/385/381 358/386/382
s 8
f 345/369/367 359/387/383 303/388/384 295/370/368
s 3
f 360/389/385 361/390/386 362/391/387 363/392/388
f 364/393/389 365/394/390 366/395/391 367/396/392
s 8
f 368/397/393 352/377/375 299/380/376 310/398/394
f 359/387/383 369/399/395 313/400/396 303/388/384
f 370/401/397 368/397/393 310/398/394 309/402/398
s 14
f 371/403/399 281/404/400 280/405/401 372/406/402
f 373/407/403 279/408/404 282/409/405 374/410/406
f 375/411/407 285/412/408 281/404/400 371/403/399
f 376/413/409 286/414/410 290/415/411 377/416/412
s 8
f 369/399/395 378/417/413 314/418/414 313/400/396
s 14
f 379/419/415 291/420/416 289/421/417 380/422/418
f 377/416/412 290/415/411 292/423/419 381/424/420
s 8
f 382/425/421 370/401/397 309/402/398 321/426/422
s 14
f 383/427/423 297/428/424 291/420/416 379/419/415
f 384/429/425 302/430/426 306/431/427 385/432/428
s 8
f 378/433/413 386/434/429 324/435/430 314/436/414
s 14
f 387/437/431 307/438/432 305/439/433 388/440/434
s 8
f 389/441/435 382/425/421 321/426/422 320/442/436
s 14
f 390/443/437 317/444/438 307/438/432 387/437/431
f 391/445/439 316/446/440 318/447/441 392/448/442
s 8
f 386/434/429 393/449/443 325/450/444 324/435/430
s 14
f 394/451/445 327/452/446 317/444/438 390/443/437
s 8
f 395/453/447 389/441/435 320/442/436 333/454/448
s 14
f 392/448/442 318/447/441 330/455/449 396/456/450
s 8
f 393/449/443 397/457/451 328/458/452 325/450/444
f 398/459/453 395/453/447 333/454/448 332/460/454
s 14
f 399/461/455 345/462/456 335/463/457 400/464/458
f 401/465/459 338/466/460 352/467/461 402/468/462
s 8
f 397/457/451 403/469/463 340/470/464 328/458/452
s 14
f 404/471/465 359/472/466 345/462/456 399/461/455
s 8
f 405/473/467 398/459/453 332/460/454 337/474/468
f 403/469/463 406/475/469 341/476/470 340/470/464
f 407/477/471 405/473/467 337/474/468 344/478/472
s 14
f 408/479/473 368/480/474 370/481/475 409/482/476
s 8
f 406/475/469 410/483/477 349/484/478 341/476/470
s 14
f 411/485/479 378/486/480 369/487/481 412/488/482
s 8
f 413/489/483 407/477/471 344/478/472 347/490/484
f 410/483/477 414/491/485 350/492/486 349/484/478
f 415/493/487 413/489/483 347/490/484 357/494/488
f 414/491/485 416/495/489 353/496/490 350/492/486
s 14
f 417/497/491 382/498/492 389/499/493 418/500/494
s 8
f 419/501/495 415/493/487 357/494/488 356/502/496
s 14
f 420/503/497 393/504/498 386/505/499 421/506/500
s 8
f 416/495/489 422/507/501 361/508/502 353/496/490
f 423/509/503 419/501/495 356/502/496 366/510/504
f 422/511/501 424/512/505 362/513/506 361/514/502
f 425/515/507 423/509/503 366/510/504 365/516/508
f 424/512/505 425/515/507 365/516/508 362/513/506
s 14
f 426/517/509 397/518/510 393/504/498 420/503/497
f 427/519/511 395/520/512 398/521/513 428/522/514
f 428/522/514 398/521/513 405/523/515 429/524/516
f 430/525/517 406/526/518 403/527/519 431/528/520
f 429/524/516 405/523/515 407/529/521 432/530/522
f 432/530/522 407/529/521 413/531/523 433/532/524
f 434/533/525 414/534/526 410/535/527 435/536/528
f 436/537/529 416/538/530 414/534/526 434/533/525
f 437/539/531 415/540/532 419/541/533 438/542/534
f 439/543/535 424/544/536 422/545/537 440/546/538
f 441/547/539 423/548/540 425/549/541 442/550/542
s 3
f 249/249/249 244/244/244 243/243/243 443/551/543 250/250/250
f 255/255/255 248/248/248 247/247/247 444/552/544 256/256/256
f 251/251/251 258/258/258 257/257/257 445/553/545 252/252/252
f 267/267/267 262/262/262 261/261/261 446/554/546 268/268/268
f 263/263/263 270/270/270 269/269/269 447/555/547 264/264/264
f 277/277/277 266/266/266 265/265/265 448/556/548 278/278/278
f 283/287/287 294/306/304 293/305/303 449/557/549 284/288/288
f 300/313/311 288/296/294 287/295/293 450/558/550 301/314/312
f 310/327/325 299/312/310 298/311/309 451/559/551 311/328/326
f 303/317/315 313/330/328 312/329/327 452/560/552 304/318/316
f 321/341/339 309/326/324 308/325/323 453/561/553 322/342/340
f 314/331/329 324/344/342 323/343/341 454/562/554 315/332/330
f 333/355/353 320/340/338 319/339/337 455/563/555 334/356/354
f 328/349/347 340/364/362 339/363/361 456/564/556 329/350/348
f 341/365/363 349/374/372 348/373/371 457/565/557 342/366/364
f 357/385/381 347/372/370 346/371/369 458/566/558 358/386/382
f 353/381/377 361/390/386 360/389/385 459/567/559 354/382/378
f 366/395/391 356/384/380 355/383/379 460/568/560 367/396/392
f 362/391/387 365/394/390 364/393/389 461/569/561 363/392/388
s 14
f 280/405/401 279/408/404 373/407/403 462/570/562 372/406/402
f 282/409/405 286/414/410 376/413/409 463/571/563 374/410/406
f 289/421/417 285/412/408 375/411/407 464/572/564 380/422/418
f 292/423/419 302/430/426 384/429/425 465/573/565 381/424/420
f 305/439/433 297/428/424 383/427/423 466/574/566 388/440/434
f 306/431/427 316/446/440 391/445/439 467/575/567 385/432/428
f 335/463/457 327/452/446 394/451/445 468/576/568 400/464/458
f 330/455/449 338/466/460 401/465/459 469/577/569 396/456/450
f 352/467/461 368/480/474 408/479/473 470/578/570 402/468/462
f 369/487/481 359/472/466 404/471/465 471/579/571 412/488/482
f 370/481/475 382/498/492 417/497/491 472/580/572 409/482/476
f 386/505/499 378/486/480 411/485/479 473/581/573 421/506/500
f 389/499/493 395/520/512 427/519/511 474/582/574 418/500/494
f 403/527/519 397/518/510 426/517/509 475/583/575 431/528/520
f 410/535/527 406/526/518 430/525/517 476/584/576 435/536/528
f 413/531/523 415/540/532 437/539/531 477/585/577 433/532/524
f 422/545/537 416/538/530 436/537/529 478/586/578 440/546/538
f 419/541/533 423/548/540 441/547/539 479/587/579 438/542/534
f 425/549/541 424/544/536 439/543/535 480/588/580 442/550/542
s 23
f 462/589/581 373/590/582 374/591/583 463/592/584 444/593/585 247/594/586 250/595/587 443/596/588
f 465/597/589 384/598/590 385/599/591 467/600/592 448/601/593 265/602/594 268/603/595 446/604/596
f 469/605/597 401/606/598 402/607/599 470/608/600 451/609/601 298/610/602 301/611/603 450/612/604
f 470/613/600 408/614/605 409/615/606 472/616/607 453/617/608 308/618/609 311/619/610 451/620/601
f 473/621/611 411/622/612 412/623/613 471/624/614 452/625/615 312/626/616 315/627/617 454/628/618
f 472/616/607 417/629/619 418/630/620 474/631/621 455/632/622 319/633/623 322/634/624 453/617/608
f 474/631/621 427/635/625 428/636/626 429/637/627 336/638/628 331/639/629 334/640/630 455/632/622
f 476/641/631 430/642/632 431/643/633 475/644/634 456/645/635 339/646/636 342/647/637 457/648/638
f 429/637/627 432/649/639 433/650/640 477/651/641 458/652/642 346/653/643 343/654/644 336/638/628
f 480/655/645 439/656/646 440/657/647 478/658/648 459/659/649 360/660/650 363/661/651 461/662/652
f 477/651/641 437/663/653 438/664/654 479/665/655 460/666/656 355/667/657 358/668/658 458/652/642
f 479/665/655 441/669/659 442/670/660 480/671/645 461/672/652 364/673/661 367/674/662 460/666/656
f 464/675/663 375/676/664 371/677/665 372/678/666 462/589/581 443/596/588 243/679/667 246/680/668 252/681/669 445/682/670
f 463/683/584 376/684/671 377/685/672 381/686/673 465/597/589 446/604/596 261/687/674 253/688/675 256/689/676 444/690/585
f 466/691/677 383/692/678 379/693/679 380/694/680 464/675/663 445/682/670 257/695/681 260/696/682 264/697/683 447/698/684
f 467/600/592 391/699/685 392/700/686 396/701/687 469/605/597 450/612/604 287/702/688 275/703/689 278/704/690 448/601/593
f 471/624/614 404/705/691 399/706/692 400/707/693 468/708/694 449/709/695 293/710/696 296/711/697 304/712/698 452/625/615
f 475/644/634 426/713/699 420/714/700 421/715/701 473/716/611 454/717/618 323/718/702 326/719/703 329/720/704 456/645/635
f 478/658/648 436/721/705 434/722/706 435/723/707 476/641/631 457/648/638 348/724/708 351/725/709 354/726/710 459/659/649
f 468/708/694 394/727/711 390/728/712 387/729/713 388/730/714 466/691/677 447/698/684 269/731/715 272/732/716 274/733/717 284/734/718 449/709/695
s 27
f 481/735/719 482/736/720 502/737/721 501/738/722
f 482/736/720 483/739/723 503/740/724 502/737/721
f 483/739/723 484/741/725 504/742/726 503/740/724
f 484/741/725 485/743/727 505/744/728 504/742/726
f 485/743/727 486/745/729 506/746/730 505/744/728
f 486/745/729 487/747/731 507/748/732 506/746/730
f 487/747/731 488/749/733 508/750/734 507/748/732
f 488/749/733 489/751/735 509/752/736 508/750/734
f 489/751/735 490/753/737 510/754/738 509/752/736
f 490/753/737 491/755/739 511/756/740 510/754/738
f 491/755/739 492/757/741 512/758/742 511/756/740
f 492/757/741 493/759/743 513/760/744 512/758/742
f 493/759/743 494/761/745 514/762/746 513/760/744
f 494/761/745 495/763/747 515/764/748 514/762/746
f 495/763/747 496/765/749 516/766/750 515/764/748
f 496/765/749 497/767/751 517/768/752 516/766/750
f 497/767/751 498/769/753 518/770/754 517/768/752
f 498/769/753 499/771/755 519/772/756 518/770/754
f 499/771/755 500/773/757 520/774/758 519/772/756
f 500/773/757 481/735/719 501/738/722 520/774/758
s 28
f 482/736/759 481/735/760 521/775/761
f 483/739/762 482/736/759 521/775/761
f 484/741/763 483/739/762 521/775/761
f 485/743/764 484/741/763 521/775/761
f 486/745/765 485/743/764 521/775/761
f 487/747/766 486/745/765 521/775/761
f 488/749/767 487/747/766 521/775/761
f 489/751/768 488/749/767 521/775/761
f 490/753/769 489/751/768 521/775/761
f 491/755/770 490/753/769 521/775/761
f 492/757/771 491/755/770 521/775/761
f 493/759/772 492/757/771 521/775/761
f 494/761/773 493/759/772 521/775/761
f 495/763/774 494/761/773 521/775/761
f 496/765/775 495/763/774 521/775/761
f 497/767/776 496/765/775 521/775/761
f 498/769/777 497/767/776 521/775/761
f 499/771/778 498/769/777 521/775/761
f 500/773/779 499/771/778 521/775/761
f 481/735/760 500/773/779 521/775/761
s 29
f 722/776/780 723/777/781 724/778/782
f 723/777/781 725/779/783 724/778/782
f 725/779/783 726/780/784 724/778/782
f 726/780/784 727/781/785 724/778/782
f 727/781/785 728/782/786 724/778/782
f 728/782/786 729/783/787 724/778/782
f 729/783/787 730/784/788 724/778/782
f 730/784/788 731/785/789 724/778/782
f 731/785/789 732/786/790 724/778/782
f 732/786/790 733/787/791 724/778/782
f 733/787/791 734/788/792 724/778/782
f 734/788/792 735/789/793 724/778/782
f 735/789/793 736/790/794 724/778/782
f 736/790/794 737/791/795 724/778/782
f 737/791/795 738/792/796 724/778/782
f 738/792/796 739/793/797 724/778/782
f 739/793/797 740/794/798 724/778/782
f 740/794/798 741/795/799 724/778/782
f 741/795/799 742/796/800 724/778/782
f 742/796/800 722/776/780 724/778/782
s 27
f 501/738/722 502/737/721 523/797/801 522/798/802
f 502/737/721 503/740/724 524/799/803 523/797/801
f 503/740/724 504/742/726 525/800/804 524/799/803
f 504/742/726 505/744/728 526/801/805 525/800/804
f 505/744/728 506/746/730 527/802/806 526/801/805
f 506/746/730 507/748/732 528/803/807 527/802/806
f 507/748/732 508/750/734 529/804/808 528/803/807
f 508/750/734 509/752/736 530/805/809 529/804/808
f 509/752/736 510/754/738 531/806/810 530/805/809
f 510/754/738 511/756/740 532/807/811 531/806/810
f 511/756/740 512/758/742 533/808/812 532/807/811
f 512/758/742 513/760/744 534/809/813 533/808/812
f 513/760/744 514/762/746 535/810/814 534/809/813
f 514/762/746 515/764/748 536/811/815 535/810/814
f 515/764/748 516/766/750 537/812/816 536/811/815
f 516/766/750 517/768/752 538/813/817 537/812/816
f 517/768/752 518/770/754 539/814/818 538/813/817
f 518/770/754 519/772/756 540/815/819 539/814/818
f 519/772/756 520/774/758 541/816/820 540/815/819
f 520/774/758 501/738/722 522/798/802 541/816/820
f 522/798/802 523/797/801 543/817/821 542/818/822
f 523/797/801 524/799/803 544/819/823 543/817/821
f 524/799/803 525/800/804 545/820/824 544/819/823
f 525/800/804 526/801/805 546/821/825 545/820/824
f 526/801/805 527/802/806 547/822/826 546/821/825
f 527/802/806 528/803/807 548/823/827 547/822/826
f 528/803/807 529/804/808 549/824/828 548/823/827
f 529/804/808 530/805/809 550/825/829 549/824/828
f 530/805/809 531/806/810 551/826/830 550/825/829
f 531/806/810 532/807/811 552/827/831 551/826/830
f 532/807/811 533/808/812 553/828/832 552/827/831
f 533/808/812 534/809/813 554/829/833 553/828/832
f 534/809/813 535/810/814 555/830/834 554/829/833
f 535/810/814 536/811/815 556/831/835 555/830/834
f 536/811/815 537/812/816 557/832/836 556/831/835
f 537/812/816 538/813/817 558/833/837 557/832/836
f 538/813/817 539/814/818 559/834/838 558/833/837
f 539/814/818 540/815/819 560/835/839 559/834/838
f 540/815/819 541/816/820 561/836/840 560/835/839
f 541/816/820 522/798/802 542/818/822 561/836/840
f 542/818/822 543/817/821 563/837/841 562/838/842
f 543/817/821 544/819/823 564/839/843 563/837/841
f 544/819/823 545/820/824 565/840/844 564/839/843
f 545/820/824 546/821/825 566/841/845 565/840/844
f 546/821/825 547/822/826 567/842/846 566/841/845
f 547/822/826 548/823/827 568/843/847 567/842/846
f 548/823/827 549/824/828 569/844/848 568/843/847
f 549/824/828 550/825/829 570/845/849 569/844/848
f 550/825/829 551/826/830 571/846/850 570/845/849
f 551/826/830 552/827/831 572/847/851 571/846/850
f 552/827/831 553/828/832 573/848/852 572/847/851
f 553/828/832 554/829/833 574/849/853 573/848/852
f 554/829/833 555/830/834 575/850/854 574/849/853
f 555/830/834 556/831/835 576/851/855 575/850/854
f 556/831/835 557/832/836 577/852/856 576/851/855
f 557/832/836 558/833/837 578/853/857 577/852/856
f 558/833/837 559/834/838 579/854/858 578/853/857
f 559/834/838 560/835/839 580/855/859 579/854/858
f 560/835/839 561/836/840 581/856/860 580/855/859
f 561/836/840 542/818/822 562/838/842 581/856/860
f 562/838/842 563/837/841 583/857/861 582/858/862
f 563/837/841 564/839/843 584/859/863 583/857/861
f 564/839/843 565/840/844 585/860/864 584/859/863
f 565/840/844 566/841/865 586/861/866 585/860/864
f 566/841/865 567/842/846 587/862/867 586/861/866
f 567/842/846 568/843/847 588/863/868 587/862/867
f 568/843/847 569/844/848 589/864/869 588/863/868
f 569/844/848 570/845/849 590/865/870 589/864/869
f 570/845/849 571/846/850 591/866/871 590/865/870
f 571/846/850 572/847/851 592/867/872 591/866/871
f 572/847/851 573/848/852 593/868/873 592/867/872
f 573/848/852 574/849/853 594/869/874 593/868/873
f 574/849/853 575/850/854 595/870/875 594/869/874
f 575/850/854 576/851/855 596/871/876 595/870/875
f 576/851/855 577/852/856 597/872/877 596/871/876
f 577/852/856 578/853/857 598/873/878 597/872/877
f 578/853/857 579/854/858 599/874/879 598/873/878
f 579/854/858 580/855/859 600/875/880 599/874/879
f 580/855/859 581/856/860 601/876/881 600/875/880
f 581/856/860 562/838/842 582/858/862 601/876/881
f 582/858/862 583/857/861 603/877/882 602/878/883
f 583/857/861 584/859/863 604/879/884 603/877/882
f 584/859/863 585/860/864 605/880/885 604/879/884
f 585/860/864 586/861/866 606/881/886 605/880/885
f 586/861/866 587/862/867 607/882/887 606/881/886
f 587/862/867 588/863/868 608/883/888 607/882/887
f 588/863/868 589/864/869 609/884/889 608/883/888
f 589/864/869 590/865/870 610/885/890 609/884/889
f 590/865/870 591/866/871 611/886/891 610/885/890
f 591/866/871 592/867/872 612/887/892 611/886/891
f 592/867/872 593/868/873 613/888/893 612/887/892
f 593/868/873 594/869/874 614/889/894 613/888/893
f 594/869/874 595/870/875 615/890/895 614/889/894
f 595/870/875 596/871/876 616/891/896 615/890/895
f 596/871/876 597/872/877 617/892/897 616/891/896
f 597/872/877 598/873/878 618/893/898 617/892/897
f 598/873/878 599/874/879 619/894/899 618/893/898
f 599/874/879 600/875/880 620/895/900 619/894/899
f 600/875/880 601/876/881 621/896/901 620/895/900
f 601/876/881 582/858/862 602/878/883 621/896/901
f 602/878/883 603/877/882 623/897/902 622/898/903
f 603/877/882 604/879/884 624/899/904 623/897/902
f 604/879/884 605/880/885 625/900/905 624/899/904
f 605/880/885 606/881/906 626/901/907 625/900/905
f 606/881/906 607/882/887 627/902/908 626/901/907
f 607/882/887 608/883/888 628/903/909 627/902/908
f 608/883/888 609/884/889 629/904/910 628/903/909
f 609/884/889 610/885/890 630/905/911 629/904/910
f 610/885/890 611/886/891 631/906/912 630/905/911
f 611/886/891 612/887/892 632/907/913 631/906/912
f 612/887/892 613/888/893 633/908/914 632/907/913
f 613/888/893 614/889/894 634/909/915 633/908/914
f 614/889/894 615/890/895 635/910/916 634/909/915
f 615/890/895 616/891/896 636/911/917 635/910/916
f 616/891/896 617/892/897 637/912/918 636/911/917
f 617/892/897 618/893/898 638/913/919 637/912/918
f 618/893/898 619/894/899 639/914/920 638/913/919
f 619/894/899 620/895/900 640/915/921 639/914/920
f 620/895/900 621/896/901 641/916/922 640/915/921
f 621/896/901 602/878/883 622/898/903 641/916/922
f 622/898/903 623/897/902 643/917/923 642/918/924
f 623/897/902 624/899/904 644/919/925 643/917/923
f 624/899/904 625/900/905 645/920/926 644/919/925
f 625/900/905 626/901/907 646/921/927 645/920/926
f 626/901/907 627/902/908 647/922/928 646/921/927
f 627/902/908 628/903/909 648/923/929 647/922/928
f 628/903/909 629/904/910 649/924/930 648/923/929
f 629/904/910 630/905/911 650/925/931 649/924/930
f 630/905/911 631/906/912 651/926/932 650/925/931
f 631/906/912 632/907/913 652/927/933 651/926/932
f 632/907/913 633/908/914 653/928/934 652/927/933
f 633/908/914 634/909/915 654/929/935 653/928/934
f 634/909/915 635/910/916 655/930/936 654/929/935
f 635/910/916 636/911/917 656/931/937 655/930/936
f 636/911/917 637/912/918 657/932/938 656/931/937
f 637/912/918 638/913/919 658/933/939 657/932/938
f 638/913/919 639/914/920 659/934/940 658/933/939
f 639/914/920 640/915/921 660/935/941 659/934/940
f 640/915/921 641/916/922 661/936/942 660/935/941
f 641/916/922 622/898/903 642/918/924 661/936/942
f 642/918/924 643/917/923 663/937/943 662/938/944
f 643/917/923 644/919/925 664/939/945 663/937/943
f 644/919/925 645/920/926 665/940/946 664/939/945
f 645/920/926 646/921/927 666/941/947 665/940/946
f 646/921/927 647/922/928 667/942/948 666/941/947
f 647/922/928 648/923/929 668/943/949 667/942/948
f 648/923/929 649/924/930 669/944/950 668/943/949
f 649/924/930 650/925/931 670/945/951 669/944/950
f 650/925/931 651/926/932 671/946/952 670/945/951
f 651/926/932 652/927/933 672/947/953 671/946/952
f 652/927/933 653/928/934 673/948/954 672/947/953
f 653/928/934 654/929/935 674/949/955 673/948/954
f 654/929/935 655/930/936 675/950/956 674/949/955
f 655/930/936 656/931/937 676/951/957 675/950/956
f 656/931/937 657/932/938 677/952/958 676/951/957
f 657/932/938 658/933/939 678/953/959 677/952/958
f 658/933/939 659/934/940 679/954/960 678/953/959
f 659/934/940 660/935/941 680/955/961 679/954/960
f 660/935/941 661/936/942 681/956/962 680/955/961
f 661/936/942 642/918/924 662/938/944 681/956/962
f 662/938/944 663/937/943 683/957/963 682/958/964
f 663/937/943 664/939/945 684/959/965 683/957/963
f 664/939/945 665/940/946 685/960/966 684/959/965
f 665/940/946 666/941/947 686/961/967 685/960/966
f 666/941/947 667/942/948 687/962/968 686/961/967
f 667/942/948 668/943/949 688/963/969 687/962/968
f 668/943/949 669/944/950 689/964/970 688/963/969
f 669/944/950 670/945/951 690/965/971 689/964/970
f 670/945/951 671/946/952 691/966/972 690/965/971
f 671/946/952 672/947/953 692/967/973 691/966/972
f 672/947/953 673/948/954 693/968/974 692/967/973
f 673/948/954 674/949/955 694/969/975 693/968/974
f 674/949/955 675/950/956 695/970/976 694/969/975
f 675/950/956 676/951/957 696/971/977 695/970/976
f 676/951/957 677/952/958 697/972/978 696/971/977
f 677/952/958 678/953/959 698/973/979 697/972/978
f 678/953/959 679/954/960 699/974/980 698/973/979
f 679/954/960 680/955/961 700/975/981 699/974/980
f 680/955/961 681/956/962 701/976/982 700/975/981
f 681/956/962 662/938/944 682/958/964 701/976/982
f 682/958/964 683/957/963 703/977/983 702/978/984
f 683/957/963 684/959/965 704/979/985 703/977/983
f 684/959/965 685/960/966 705/980/986 704/979/985
f 685/960/966 686/961/967 706/981/987 705/980/986
f 686/961/967 687/962/968 707/982/988 706/981/987
f 687/962/968 688/963/969 708/983/989 707/982/988
f 688/963/969 689/964/970 709/984/990 708/983/989
f 689/964/970 690/965/971 710/985/991 709/984/990
f 690/965/971 691/966/972 711/986/992 710/985/991
f 691/966/972 692/967/973 712/987/993 711/986/992
f 692/967/973 693/968/974 713/988/994 712/987/993
f 693/968/974 694/969/975 714/989/995 713/988/994
f 694/969/975 695/970/976 715/990/996 714/989/995
f 695/970/976 696/971/977 716/991/997 715/990/996
f 696/971/977 697/972/978 717/992/998 716/991/997
f 697/972/978 698/973/979 718/993/999 717/992/998
f 698/973/979 699/974/980 719/994/1000 718/993/999
f 699/974/980 700/975/981 720/995/1001 719/994/1000
f 700/975/981 701/976/982 721/996/1002 720/995/1001
f 701/976/982 682/958/964 702/978/984 721/996/1002
f 702/997/984 703/998/983 723/777/1003 722/776/1004
f 703/998/983 704/999/985 725/779/1005 723/777/1003
f 704/999/985 705/1000/1006 726/780/1007 725/779/1005
f 705/1000/1006 706/1001/1008 727/781/1009 726/780/1007
f 706/1001/1008 707/1002/1010 728/782/1011 727/781/1009
f 707/1002/1010 708/1003/989 729/783/1012 728/782/1011
f 708/1003/989 709/1004/990 730/784/1013 729/783/1012
f 709/1004/990 710/1005/991 731/785/1014 730/784/1013
f 710/1005/991 711/1006/992 732/786/1015 731/785/1014
f 711/1006/992 712/1007/993 733/787/1016 732/786/1015
f 712/1007/993 713/1008/994 734/788/1017 733/787/1016
f 713/1008/994 714/1009/995 735/789/1018 734/788/1017
f 714/1009/995 715/1010/996 736/790/1019 735/789/1018
f 715/1010/996 716/1011/1020 737/791/1021 736/790/1019
f 716/1011/1020 717/1012/998 738/792/1022 737/791/1021
f 717/1012/998 718/1013/999 739/793/1023 738/792/1022
f 718/1013/999 719/1014/1000 740/794/1024 739/793/1023
f 719/1014/1000 720/1015/1001 741/795/1025 740/794/1024
f 720/1015/1001 721/1016/1002 742/796/1026 741/795/1025
f 721/1016/1002 702/997/984 722/776/1004 742/796/1026
